"id","course_id","banner_name","image_name","show_syllabus","show_enroll_now","show_refund_policy","show_enroll_close_date","show_free_download","status","banner_type","use_as_listing","banner_listing","added_date","modified_date","infographic_value","banner_tagline","show_banner_tagline","show_banner_share","banner_sub_desc","show_sub_desc","show_banner_phone","banner_phone","show_counselling_call","show_new_theme"
"1","1","Main Banner","9e1d499f81a7e525d8f9d8b353d6100d.jpg","Y","Y","Y","Y","Y","A","primary",NULL,NULL,"2019-10-17 13:31:42","2020-10-21 20:10:03",NULL,NULL,"N","N",NULL,"N","N",NULL,"N","N"
"2","2","banner","739f20a1b0c4ce3ff72c1f6c249e078a.jpg","N","Y","Y","Y","Y","A","primary",NULL,,"2019-10-19 13:18:17","2024-11-01 12:11:36",NULL,"8500+ Learners Enrolled","Y","Y","Master the high-demand art of contract drafting with a global perspective, work for international clients, and earn at least USD 1000-3000 per month in just 6 months!","Y","Y","+91 80474 86192","Y","Y"
"3","3","banner",NULL,"N","N","N","N","Y","D",NULL,NULL,NULL,"2019-10-21 16:43:00","2019-10-21 16:10:40",NULL,NULL,"N","N",NULL,"N","N",NULL,"N","N"
"4","3","banner",NULL,"N","N","N","N","Y","D",NULL,NULL,NULL,"2019-10-21 16:56:06","2019-10-21 16:10:14",NULL,NULL,"N","N",NULL,"N","N",NULL,"N","N"
"5","4","Banner","36cfdb17b892297fd1e5ea87f789d19d.jpg","N","Y","Y","Y","Y","A","primary",NULL,,"2019-10-21 17:11:34","2024-11-01 12:11:16",NULL,"700+  Learners Enrolled","Y","Y",,"N","Y","+91 80474 86192","Y","Y"
"6","3","banner","e7627a7b223d082232ae48621228039d.jpg","N","Y","Y","Y","Y","A","primary",NULL,,"2019-10-21 17:52:38","2024-11-01 12:11:22",NULL,"2100+ Learners Enrolled","Y","Y",,"N","Y","+91 80474 86192","Y","Y"
"7","6","Banner","b09e0e61fcdf915d1e4f3ebd6881b640.jpg","N","Y","Y","Y","Y","A","primary",NULL,,"2019-10-21 19:13:09","2026-06-02 14:06:44",NULL,"2600+ Learners Enrolled","Y","Y","Enhance your skills and work at top corporate law firms and be part of news-making corporate acquisitions","Y","Y","+91 80474 86192","Y","Y"
"8","7","banner","1ea23dd893bde6cd9d451cdfb8a5dea0.jpg","Y","Y","Y","Y","Y","A",NULL,NULL,NULL,"2019-10-22 11:36:21","2019-11-19 15:11:59",NULL,NULL,"N","N",NULL,"N","N",NULL,"N","N"
"9","8","Banner","3423e8a42751b5357ef7e6a3cc600ac2.jpg","Y","Y","N","N","N","A","primary",NULL,NULL,"2019-10-22 13:26:26","2020-08-04 21:08:50",NULL,NULL,"N","N",NULL,"N","N",NULL,"N","N"
"10","10","banner","d7d396753fc1e9bbb68d77f42183c578.jpg","Y","Y","Y","Y","Y","A",NULL,NULL,NULL,"2019-10-22 14:37:36","2019-11-19 15:11:39",NULL,NULL,"N","N",NULL,"N","N",NULL,"N","N"
"11","9","banner","b5faf9b2d669ba71ce0dc8add2086428.jpg","N","Y","Y","Y","Y","A","primary",NULL,,"2019-10-22 15:35:49","2024-11-01 12:11:11",NULL,"2100+ Learners Enrolled","Y","Y","Enhance your credentials and skills in in Intellectual Property, Media and Entertainment Laws. Cater to international clientele, and achieve a monthly income of USD 1000-3000 within six months.","Y","Y","+91 80474 86192","Y","Y"
"12","11","Banner","43770e17942866f183fa78081af50a95.jpg","Y","Y","Y","Y","Y","A",NULL,NULL,NULL,"2019-10-22 16:06:59","2019-12-12 12:12:39",NULL,NULL,"N","N",NULL,"N","N",NULL,"N","N"
"13","12","banner","56b3a0087edb5d8447ca2d426d3639ed.jpg","Y","Y","Y","Y","Y","A",NULL,NULL,NULL,"2019-10-22 17:29:02","2019-12-12 12:12:03",NULL,NULL,"N","N",NULL,"N","N",NULL,"N","N"
"14","13","Banner","7db3336d73579e02d4d812fb503394a8.jpg","N","Y","Y","Y","Y","A","primary",NULL,,"2019-10-22 18:10:25","2024-11-01 12:11:26",NULL,"500+  Learners Enrolled","Y","Y",,"N","Y","+91 80474 86192","Y","Y"
"15","14","Banner","d0884d1f6240648f6601f993507c9909.jpg","Y","Y","Y","Y","Y","A",NULL,NULL,NULL,"2019-10-22 18:16:48","2019-12-12 12:12:51",NULL,NULL,"N","N",NULL,"N","N",NULL,"N","N"
"16","15","banner",NULL,"N","N","N","N","Y","D",NULL,NULL,NULL,"2019-10-23 11:43:50","2019-10-23 11:10:05",NULL,NULL,"N","N",NULL,"N","N",NULL,"N","N"
"17","15","banner","2e8a473ea1cfae8560c0ac56bb926b5d.jpg","Y","Y","Y","Y","Y","A","primary",NULL,,"2019-10-23 11:45:49","2023-06-05 13:06:40",NULL,NULL,"N","N",NULL,"N","N",NULL,"N","N"
"18","16","Banner","8e70c5b43465e0a48699eb880045f3c5.jpg","N","Y","Y","Y","Y","A","primary",NULL,,"2019-10-23 11:48:45","2024-11-01 12:11:09",NULL,"800+  Learners Enrolled","Y","Y"," Acquire in-demand technology law skills with global significance, cater to international clientele, and achieve a minimum monthly income of USD 1000-3000 within six months ","Y","Y","+91 80474 86192","Y","Y"
"19","17","Banner","625d1bf2ae145e7f0a434123a3cde870.jpg","N","Y","Y","Y","Y","A","primary",NULL,,"2019-10-23 12:17:03","2023-12-06 17:12:01",NULL,"2000+ +  Learners Enrolled","Y","Y",,"N","Y","+91 98186 78383 ","Y","Y"
"20","18","Banner","76d3e5da70e078e654bc2289fc46aed9.jpg","Y","Y","Y","Y","Y","A",NULL,NULL,NULL,"2019-10-23 12:24:40","2019-12-12 12:12:40",NULL,NULL,"N","N",NULL,"N","N",NULL,"N","N"
"21","20","banner","0127cf48ea2102b7fe6c3cda5e2e4e47.jpg","Y","Y","Y","Y","Y","A",NULL,NULL,NULL,"2019-10-23 13:16:00","2019-11-19 15:11:58",NULL,NULL,"N","N",NULL,"N","N",NULL,"N","N"
"22","22","banner",NULL,"N","N","N","N","Y","D",NULL,NULL,NULL,"2019-10-23 15:17:09","2019-10-23 15:10:26",NULL,NULL,"N","N",NULL,"N","N",NULL,"N","N"
"23","22","Banner","c2c33cac3211ef049de11bc27fe770a7.jpg","N","Y","Y","Y","Y","A","primary",NULL,,"2019-10-23 15:22:07","2024-11-01 12:11:05",NULL,,"N","Y","Master the art of entrepreneurship and business laws administration, acquire versatile skills that will enable you to navigate various legal domains with confidence and open doors to a rewarding future as a lawyer or in-house counsel.  ","Y","Y","+91 80474 86192","Y","Y"
"24","23","banner","8201fa3ef2d51b50a4ac1cbcb4d0a461.jpg","Y","N","N","N","Y","A",NULL,NULL,NULL,"2019-10-23 15:37:59","2019-11-19 15:11:37",NULL,NULL,"N","N",NULL,"N","N",NULL,"N","N"
"25","24","banner","84a6af54b477e61c536787dcf8fbfc10.jpg","Y","Y","Y","Y","Y","D",NULL,NULL,NULL,"2019-10-24 16:55:07","2019-12-10 19:12:11",NULL,NULL,"N","N",NULL,"N","N",NULL,"N","N"
"26","26","Banner","1ae4401fc20d58306e198b929560bbb9.jpg","Y","Y","N","N","Y","A","primary",NULL,NULL,"2019-10-25 12:20:14","2020-08-08 17:08:30",NULL,NULL,"N","N",NULL,"N","N",NULL,"N","N"
"27","27","banner","82ab9ddae1b9fa9d487714ba5da80c3f.jpg","Y","Y","N","Y","N","A","primary",NULL,,"2019-11-12 18:14:09","2021-09-27 12:09:42",NULL,NULL,"N","N",NULL,"N","N",NULL,"N","N"
"28","28","banner","67a237989b42a5ecedd7e2775def8ebe.jpg","Y","Y","N","N","N","A","primary",NULL,NULL,"2019-11-12 19:13:04","2020-08-08 18:08:28",NULL,NULL,"N","N",NULL,"N","N",NULL,"N","N"
"29","29","banner","69eee57cd5e4ee74e5bb290fbabf9ebf.jpg","Y","Y","N","N","N","A","primary",NULL,NULL,"2019-11-12 23:35:13","2020-07-21 15:07:36",NULL,NULL,"N","N",NULL,"N","N",NULL,"N","N"
"30","30","banner","11bd32c85d695293ce140a60ca0c1970.jpg","Y","Y","N","N","Y","A","primary",NULL,NULL,"2019-11-13 00:09:56","2020-08-06 20:08:05",NULL,NULL,"N","N",NULL,"N","N",NULL,"N","N"
"31","31","banner","03055425b60ffdcf93afba99136f3759.jpg","Y","Y","N","N","Y","A","primary",NULL,NULL,"2019-11-13 02:01:59","2020-08-08 18:08:35",NULL,NULL,"N","N",NULL,"N","N",NULL,"N","N"
"32","32","banner","a3308e22c4b667fe5729bdf4c13ab000.jpg","Y","Y","N","N","Y","A","primary",NULL,NULL,"2019-11-13 14:30:34","2020-08-08 18:08:04",NULL,NULL,"N","N",NULL,"N","N",NULL,"N","N"
"33","33","banner","b897cc1d78fd74ea80d46e67274f8bf0.jpg","Y","Y","N","N","Y","A","primary",NULL,NULL,"2019-11-13 15:39:21","2020-08-08 18:08:01",NULL,NULL,"N","N",NULL,"N","N",NULL,"N","N"
"34","34","banner","f12b3fda408817e4a5424d5269047b28.jpg","Y","Y","N","N","Y","A","primary",NULL,NULL,"2019-11-13 23:48:36","2020-08-08 18:08:49",NULL,NULL,"N","N",NULL,"N","N",NULL,"N","N"
"35","35","banner","2e88585b9c06b36c5f6b874308e8654a.jpg","Y","Y","N","N","Y","A","primary",NULL,NULL,"2019-11-14 00:25:21","2020-08-08 18:08:57",NULL,NULL,"N","N",NULL,"N","N",NULL,"N","N"
"36","36","banner","1f3a03167314d28a06fbf89615976a46.jpg","Y","Y","N","N","Y","A","primary",NULL,NULL,"2019-11-14 00:56:03","2020-08-08 18:08:20",NULL,NULL,"N","N",NULL,"N","N",NULL,"N","N"
"37","37","banner","778dcb61d46bd7c0af49a782d85c67c0.jpg","N","Y","N","N","Y","A",NULL,NULL,NULL,"2019-11-14 01:51:40","2019-11-19 14:11:52",NULL,NULL,"N","N",NULL,"N","N",NULL,"N","N"
"38","38","banner","ce427070c1be632d5daaaef2f40b8214.jpg","Y","Y","N","N","Y","A","primary",NULL,NULL,"2019-11-14 02:39:53","2020-08-08 18:08:41",NULL,NULL,"N","N",NULL,"N","N",NULL,"N","N"
"39","39","banner",NULL,"N","N","N","N","Y","D",NULL,NULL,NULL,"2019-11-14 20:56:47","2019-11-14 21:11:09",NULL,NULL,"N","N",NULL,"N","N",NULL,"N","N"
"40","39","banner",NULL,"N","N","N","N","Y","D",NULL,NULL,NULL,"2019-11-14 20:58:05","2019-11-14 21:11:31",NULL,NULL,"N","N",NULL,"N","N",NULL,"N","N"
"41","39","banner",NULL,"N","N","N","N","Y","D",NULL,NULL,NULL,"2019-11-14 21:08:53","2019-11-14 21:11:43",NULL,NULL,"N","N",NULL,"N","N",NULL,"N","N"
"42","39","banner",NULL,"N","N","N","N","Y","D",NULL,NULL,NULL,"2019-11-14 21:10:48","2019-11-14 21:11:23",NULL,NULL,"N","N",NULL,"N","N",NULL,"N","N"
"43","39","banner",NULL,"N","N","N","N","Y","D",NULL,NULL,NULL,"2019-11-14 21:15:37","2019-11-14 21:11:23",NULL,NULL,"N","N",NULL,"N","N",NULL,"N","N"
"44","39","banner",NULL,"N","N","N","N","Y","D",NULL,NULL,NULL,"2019-11-14 21:16:32","2019-11-14 21:11:56",NULL,NULL,"N","N",NULL,"N","N",NULL,"N","N"
"45","39","banner",NULL,"N","N","N","N","Y","D",NULL,NULL,NULL,"2019-11-15 00:10:39","2019-11-15 00:11:03",NULL,NULL,"N","N",NULL,"N","N",NULL,"N","N"
"46","39","banner","4f255e57dfb6db337b66450c8323418c.jpg","Y","Y","N","N","Y","A","primary",NULL,NULL,"2019-11-15 00:13:27","2020-08-08 18:08:20",NULL,NULL,"N","N",NULL,"N","N",NULL,"N","N"
"47","40","banner","3728d5d0a770799a4367630b7d38a277.jpg","Y","Y","N","N","Y","A","primary",NULL,NULL,"2019-11-15 00:41:13","2020-08-08 18:08:26",NULL,NULL,"N","N",NULL,"N","N",NULL,"N","N"
"48","41","banner","bbee51d6b87110de42768c80b8ddc51d.jpg","Y","Y","N","N","Y","A","primary",NULL,NULL,"2019-11-15 01:01:00","2020-08-08 18:08:26",NULL,NULL,"N","N",NULL,"N","N",NULL,"N","N"
"49","42","banner","6b1a6f2de4e041cd32b19331140dfa55.jpg","Y","Y","N","N","Y","A","primary",NULL,NULL,"2019-11-15 02:37:17","2020-08-08 18:08:04",NULL,NULL,"N","N",NULL,"N","N",NULL,"N","N"
"50","25","banner",NULL,"N","N","N","N","Y","D",NULL,NULL,NULL,"2019-11-15 11:27:19","2019-11-15 11:11:08",NULL,NULL,"N","N",NULL,"N","N",NULL,"N","N"
"51","25","banner","4dca587bca0502aae71bd6b0983e359a.jpg","N","N","N","N","Y","D",NULL,NULL,NULL,"2019-11-15 11:29:42","2019-11-28 13:11:44",NULL,NULL,"N","N",NULL,"N","N",NULL,"N","N"
"52","5","banner",NULL,"N","N","N","N","Y","D",NULL,NULL,NULL,"2019-11-15 13:41:37","2019-11-15 13:11:02",NULL,NULL,"N","N",NULL,"N","N",NULL,"N","N"
"53","5","banner","9c2a9098bb1db4cd37f38e50c0bc0e88.jpg","N","Y","Y","Y","Y","A","primary",NULL,,"2019-11-15 13:46:29","2024-11-01 12:11:01",NULL,"2000+ Learners Enrolled","Y","Y"," Acquire in-demand technology law skills with global significance, cater to international clientele, and achieve a monthly income of USD 1000-3000 within six months","Y","Y","+91 80474 86192","Y","Y"
"54","19","banner","9718d26d0a92e987ec991903916a50aa.jpg","Y","Y","Y","Y","Y","D",NULL,NULL,NULL,"2019-11-16 11:41:10","2019-12-06 16:12:39",NULL,NULL,"N","N",NULL,"N","N",NULL,"N","N"
"55","19","banner",NULL,"N","N","N","N","Y","D",NULL,NULL,NULL,"2019-11-16 11:41:49","2019-11-16 11:11:24",NULL,NULL,"N","N",NULL,"N","N",NULL,"N","N"
"57","61","banner","582189b364bb9c121ef1a7e856b69b29.jpg","Y","Y","N","N","Y","A","primary",NULL,NULL,"2019-11-21 20:52:57","2020-08-08 18:08:57",NULL,NULL,"N","N",NULL,"N","N",NULL,"N","N"
"58","62","banner","1a7f9d4aa8cc493debd017c41b7e2550.jpg","Y","Y","N","N","Y","A","primary",NULL,NULL,"2019-11-21 23:11:50","2020-08-08 18:08:21",NULL,NULL,"N","N",NULL,"N","N",NULL,"N","N"
"59","25","banner","931130f68bc40a32497d449cb2709403.jpg","N","Y","N","N","Y","A",NULL,NULL,NULL,"2019-11-22 00:30:23","2019-11-28 13:11:37",NULL,NULL,"N","N",NULL,"N","N",NULL,"N","N"
"60","19","banner","fd9415b5318a930e50b3dc00444b4b7e.jpg","N","Y","Y","Y","Y","A","primary",NULL,,"2019-11-22 00:44:20","2023-12-08 09:12:02",NULL,"600+  Learners Enrolled","Y","Y",,"N","Y"," +91 98186 78383 ","Y","Y"
"61","63","banner",NULL,"N","N","N","N","Y","D",NULL,NULL,NULL,"2019-11-22 12:18:52","2019-11-22 12:11:05",NULL,NULL,"N","N",NULL,"N","N",NULL,"N","N"
"62","63","Banner","93b05bde65825a58a650b10595886e3d.jpg","N","Y","N","Y","N","A","primary",NULL,,"2019-11-22 12:26:39","2021-08-26 13:08:25",NULL,NULL,"N","N",NULL,"N","N",NULL,"N","N"
"63","64","banner","e123c83ed406e3b1b7e55ac70807b7b6.jpg","N","Y","Y","N","Y","A","primary",NULL,,"2019-11-30 15:32:13","2021-12-16 15:12:30",NULL,NULL,"N","N",NULL,"N","N",NULL,"N","N"
"64","65","banner","9f47deb8d06c8fb26838dd237c30feef.jpg","N","Y","Y","N","Y","A","primary",NULL,,"2019-12-02 11:26:24","2021-12-16 15:12:18",NULL,NULL,"N","N",NULL,"N","N",NULL,"N","N"
"65","66","banner","17004f4192a2c8834faa8f2c1b5a63d9.jpg","N","Y","Y","N","Y","D",NULL,NULL,NULL,"2019-12-02 12:22:41","2019-12-02 12:12:51",NULL,NULL,"N","N",NULL,"N","N",NULL,"N","N"
"66","67","Banner","9050320b78d22d6c8a36619f86ed648c.jpg","N","N","N","N","Y","A","primary",NULL,,"2019-12-10 14:24:06","2022-03-11 10:03:22",NULL,NULL,"N","N",NULL,"N","N",NULL,"N","N"
"67","68","banner","d7e65f30333af554be9ef01a514caf53.jpg","Y","Y","N","N","N","A",NULL,NULL,NULL,"2019-12-10 15:41:50",NULL,NULL,NULL,"N","N",NULL,"N","N",NULL,"N","N"
"68","69","banner","159a81dfdd29be21e28895666672abc0.jpg","N","Y","Y","N","Y","A","primary",NULL,NULL,"2019-12-10 16:53:05","2020-08-20 16:08:24",NULL,NULL,"N","N",NULL,"N","N",NULL,"N","N"
"69","70","banner","c9c8813567a6498fb2d6dea1fc08e2a2.jpg","N","Y","N","Y","N","A","primary",NULL,,"2019-12-10 18:31:50","2022-08-17 20:08:43",NULL,NULL,"N","N",NULL,"N","N",NULL,"N","N"
"70","71","banner","fef66850f9855a669aafc0a3d720adf0.jpg","Y","Y","N","N","Y","A","primary",NULL,NULL,"2019-12-10 19:38:12","2020-07-24 16:07:38",NULL,NULL,"N","N",NULL,"N","N",NULL,"N","N"
"71","72","Banner","851c48750cbc08776a9f15a491ff1e66.jpg","Y","Y","Y","Y","Y","A","primary",NULL,,"2020-01-20 13:21:10","2021-09-20 17:09:01",NULL,NULL,"N","N",NULL,"N","N",NULL,"N","N"
"72","72","banner",NULL,"N","N","N","N","Y","D",NULL,NULL,NULL,"2020-01-20 13:24:27","2020-01-20 13:01:17",NULL,NULL,"N","N",NULL,"N","N",NULL,"N","N"
"73","72","Banner",NULL,"Y","Y","Y","Y","Y","D",NULL,NULL,NULL,"2020-01-20 13:26:07","2020-01-20 13:01:13",NULL,NULL,"N","N",NULL,"N","N",NULL,"N","N"
"74","73","Banner","5479249e1b350de2ea75bd1629a5681d.jpg","N","Y","Y","Y","Y","A","primary",NULL,,"2020-02-21 16:04:30","2024-11-01 12:11:53",NULL,,"N","Y",,"N","Y","+91 80474 86192","Y","Y"
"75","74","Banner","12aa0f8f414a3615e71ac6b3692103b0.jpg","Y","Y","Y","Y","Y","A",NULL,NULL,NULL,"2020-03-25 19:48:55","2020-06-06 14:06:06",NULL,NULL,"N","N",NULL,"N","N",NULL,"N","N"
"76","75","Banner","16e5bb1fb434d516054a639d6207b62f.jpg","Y","Y","Y","Y","Y","A",NULL,NULL,NULL,"2020-04-08 17:26:42","2020-04-10 14:04:14",NULL,NULL,"N","N",NULL,"N","N",NULL,"N","N"
"77","76","Banner","4ce63c7507c2ad13e68d78bc02edc382.jpg","N","Y","Y","Y","Y","A","primary",NULL,,"2020-04-10 17:21:12","2024-11-01 12:11:47",NULL,"4000+  Learners Enrolled","Y","Y",,"N","Y","+91 80474 86192","Y","Y"
"78","77","banner","789e899633c97178d68b1f5d3c3eb458.jpg","N","Y","N","Y","N","A","primary",NULL,"4d3301f63138ee442b64c1c2b8d263c2.png","2020-05-02 13:29:42","2020-07-15 16:07:16",NULL,NULL,"N","N",NULL,"N","N",NULL,"N","N"
"79","78","Banner","e61118ce023038da5720894ca3590636.jpg","N","Y","Y","Y","Y","A","primary",NULL,,"2020-05-04 16:07:43","2024-11-01 12:11:35",NULL,"12500+  Learners Enrolled","Y","Y","Master the art of effective communication in English, honing your skills for court, client counseling, drafting, and negotiations. Acquire a powerful legal vocabulary and refine your language for various scenarios, ensuring clarity and precision in your arguments and interactions.","Y","Y","+91 80474 86192","Y","Y"
"80","79","banner","4829a3ccfd9c0db2bbe42102f02431be.png","N","Y","N","Y","Y","A","primary",NULL,"83f2ee8b5b6bfb149f2ac2c381f63c63.png","2020-05-29 18:34:37","2021-12-16 15:12:46",NULL,NULL,"N","N",NULL,"N","N",NULL,"N","N"
"81","80","Banner",NULL,"Y","Y","N","Y","Y","A","primary",NULL,NULL,"2020-06-05 13:39:24","2020-08-08 17:08:44",NULL,NULL,"N","N",NULL,"N","N",NULL,"N","N"
"82","81","banner","65aa8958df1d1578ae8fa99fdca96734.jpg","Y","N","N","Y","N","A","primary",NULL,NULL,"2020-06-08 18:00:27","2020-08-08 17:08:42",NULL,NULL,"N","N",NULL,"N","N",NULL,"N","N"
"83","82","banner","0f4e6dc1c35cef81e806ae61c4ea0989.jpg","Y","Y","Y","Y","N","A","primary",NULL,,"2020-06-09 13:39:18","2021-05-18 18:05:29",NULL,NULL,"N","N",NULL,"N","N",NULL,"N","N"
"84","83","banner","590d4ff92384b966db37caf595a98fc0.jpg","Y","Y","N","Y","N","A",NULL,NULL,NULL,"2020-06-09 16:27:11","2020-06-09 19:06:37",NULL,NULL,"N","N",NULL,"N","N",NULL,"N","N"
"85","84","banner","098b1afb28e457b30b2c8bcda38bffc1.jpg","Y","Y","N","Y","N","A",NULL,NULL,NULL,"2020-06-17 11:10:29",NULL,NULL,NULL,"N","N",NULL,"N","N",NULL,"N","N"
"86","85","banner","2d46590aeacbe9bf71b047579993a450.jpg","Y","Y","N","Y","N","A",NULL,NULL,NULL,"2020-06-17 11:27:40",NULL,NULL,NULL,"N","N",NULL,"N","N",NULL,"N","N"
"87","86","banner","4d6535e3ce89ba02cb455acd86517b73.jpg","Y","Y","N","Y","N","A",NULL,NULL,NULL,"2020-06-17 11:46:29",NULL,NULL,NULL,"N","N",NULL,"N","N",NULL,"N","N"
"88","87","banner","8f74224974df1b1dda91c3ef6625503a.jpg","Y","Y","N","Y","N","A",NULL,NULL,NULL,"2020-06-17 12:24:36",NULL,NULL,NULL,"N","N",NULL,"N","N",NULL,"N","N"
"89","88","banner","72e10e6f6c20162e0e0d615f4e62f345.jpg","Y","Y","N","Y","N","A",NULL,NULL,NULL,"2020-06-17 12:34:48",NULL,NULL,NULL,"N","N",NULL,"N","N",NULL,"N","N"
"90","89","Banner","f6caefe4eecd9d9778cf25831aef7237.jpg","N","Y","Y","N","Y","A","primary",NULL,,"2020-06-25 14:51:05","2024-11-01 12:11:25",NULL,,"N","Y",,"N","Y","+91 80474 86192","Y","Y"
"91","90","Banner","66d248d13a4b9cd87c6e1d524d3a83d7.jpg","Y","Y","N","N","N","A","primary",NULL,,"2020-06-29 19:40:28","2021-09-03 18:09:20",NULL,NULL,"N","N",NULL,"N","N",NULL,"N","N"
"92","91","banner","64bc05dff87716d3d4f952b8f9cbc776.jpg","N","Y","N","Y","Y","A","primary",NULL,"e96df7c5d065ab7b06ba0850bd79a273.jpg","2020-07-08 08:29:33","2021-09-13 16:09:36",NULL,NULL,"N","N",NULL,"N","N",NULL,"N","N"
"93","92","banner","4e22fb233b3a94d4dada53d9901f60cb.jpg","N","Y","N","Y","Y","A","primary",NULL,"164c1dea268ae78a59f3b15ed2a9dff9.jpg","2020-07-10 15:33:34","2021-09-13 16:09:47",NULL,NULL,"N","N",NULL,"N","N",NULL,"N","N"
"94","93","banner","5f544a156a057efefb8900ba9ed95356.jpg","N","Y","N","Y","Y","A","primary",NULL,"15210f7738f0aa5a894752c8e708cb4c.jpg","2020-07-18 10:37:33","2021-09-13 16:09:52",NULL,NULL,"N","N",NULL,"N","N",NULL,"N","N"
"95","94","banner","d5df197c6b4c4d4836d5a602419ef116.jpg","N","Y","N","Y","Y","A","primary",NULL,"d5971535413cba063038ceaa382c63ae.jpg","2020-07-20 15:16:38","2021-09-13 16:09:40",NULL,NULL,"N","N",NULL,"N","N",NULL,"N","N"
"96","95","Banner","0c0b85d6affadc87b339a7916d4841df.jpg","N","Y","Y","Y","Y","A","primary",NULL,,"2020-07-22 12:39:44","2023-12-06 16:12:41",NULL,"960+ Learners Enrolled","Y","Y","Enhance your HR career by mastering advanced legal skills, expanding your job prospects, and adding valuable legal expertise to your HR toolkit. ","Y","Y","+91 98186 78383 ","Y","Y"
"97","96","banner","c14a1155f95e8c025b4b7670618e0bd4.jpg","N","Y","Y","Y","N","A","primary",NULL,"ca48ddb75d31efc849730a3d3831ff29.jpg","2020-08-07 12:01:34","2021-05-05 14:05:29",NULL,NULL,"N","N",NULL,"N","N",NULL,"N","N"
"98","97","banner",NULL,"N","N","N","N","Y","D",NULL,NULL,NULL,"2020-08-18 20:39:32","2020-08-18 20:08:43",NULL,NULL,"N","N",NULL,"N","N",NULL,"N","N"
"99","97","Banner","743180a51f157a92f2153a4611cc7b71.jpg","N","Y","Y","N","Y","A","primary",NULL,NULL,"2020-08-18 20:47:33","2020-08-18 21:08:41",NULL,NULL,"N","N",NULL,"N","N",NULL,"N","N"
"100","98","Banner","65b5cc2e7b4b69190cc4679a3b69d060.jpg","Y","Y","Y","Y","N","A","primary",NULL,NULL,"2020-09-01 13:26:48","2020-09-02 17:09:46",NULL,NULL,"N","N",NULL,"N","N",NULL,"N","N"
"101","100","Banner","77e2dc7ae984366e82d6c3b5784c24aa.jpg","N","Y","Y","N","N","A","primary",NULL,NULL,"2020-09-08 12:52:47","2020-09-08 14:09:12",NULL,NULL,"N","N",NULL,"N","N",NULL,"N","N"
"102","101","Banner","957cb7bdc8146d64217b54f47ab7ba99.jpg","Y","Y","Y","Y","Y","A","primary",NULL,NULL,"2020-09-11 13:10:24","2020-09-11 14:09:31",NULL,NULL,"N","N",NULL,"N","N",NULL,"N","N"
"103","99","banner","6a5dd2a36969bc569315fad575969b86.jpg","Y","Y","Y","Y","Y","A","primary",NULL,"00a0d4638bfa61e70ed085f32487009c.jpg","2020-09-14 19:16:46","2026-01-05 18:01:05","[{""infogra_key"":""rtr"",""infogra_val"":""er"",""infogra_image"":""pexelsphoto1363876_1633064343.jpeg""}]","Testing banner","Y","Y","Testing","Y","Y","58523652541","Y","Y"
"104","102","Banner","d172adc627b82da9135e69bd5cee90bf.jpg","N","Y","Y","Y","Y","A","primary",NULL,,"2020-09-15 13:37:04","2024-11-01 12:11:25",NULL,"3000+  learners enrolled","N","Y",,"N","Y","+91 80474 86192","Y","Y"
"105","103","banner","347ef0f543b6344b15f87a6c364dbbaa.jpg","N","Y","N","Y","Y","A","primary",NULL,"a037b6311d5586613a647c2ebdc110e6.jpg","2020-09-18 12:39:54","2021-09-13 16:09:29",NULL,NULL,"N","N",NULL,"N","N",NULL,"N","N"
"106","104","Banner","df1b3008d563cb49fae9dd57880011cc.jpg","Y","Y","Y","Y","Y","A","primary",NULL,NULL,"2020-09-25 13:35:14","2020-11-18 12:11:12",NULL,NULL,"N","N",NULL,"N","N",NULL,"N","N"
"107","105","Banner","cfb95d26e13f91721c0c6aa34a5b9732.jpeg","Y","Y","Y","Y","Y","A","primary",NULL,NULL,"2020-10-03 12:48:33","2020-11-17 12:11:23",NULL,NULL,"N","N",NULL,"N","N",NULL,"N","N"
"108","106","Banner","f422f8f5c64d7f009dec850bafa7ebc4.jpg","N","Y","Y","N","N","A","primary",NULL,NULL,"2020-10-09 12:59:25","2020-10-09 13:10:23",NULL,NULL,"N","N",NULL,"N","N",NULL,"N","N"
"109","107","Banner","354b7ce50caa1096501c4f67c3851d03.jpg","N","Y","Y","N","N","A","primary",NULL,NULL,"2020-10-17 12:42:01","2020-10-27 16:10:47",NULL,NULL,"N","N",NULL,"N","N",NULL,"N","N"
"110","108","Banner","b8d0ae1a0c01d365dc0e1b23699eb3e4.jpg","N","Y","Y","N","Y","A","primary",NULL,,"2020-10-26 16:45:41","2021-12-16 15:12:15",NULL,NULL,"N","N",NULL,"N","N",NULL,"N","N"
"111","109","Banner",NULL,"N","N","N","N","Y","A",NULL,NULL,NULL,"2020-10-29 10:16:45",NULL,NULL,NULL,"N","N",NULL,"N","N",NULL,"N","N"
"112","111","Banner","f5aba287696ca570c5b2ac68c97312bc.jpg","N","Y","Y","N","N","A","primary",NULL,NULL,"2020-11-03 17:05:37","2020-11-03 18:11:02",NULL,NULL,"N","N",NULL,"N","N",NULL,"N","N"
"113","112","Banner","6f260e86dd9d594f21939b78ed082cb2.jpeg","N","Y","Y","N","N","A","primary",NULL,NULL,"2020-11-04 15:38:30","2020-11-04 16:11:52",NULL,NULL,"N","N",NULL,"N","N",NULL,"N","N"
"114","113","Banner","57cbafa2ed8bf62754f952ca1f99228c.jpg","N","Y","Y","Y","N","A","primary",NULL,"701a27b24991d22095a157b623a20d3a.jpg","2020-11-05 11:39:45","2021-05-05 13:05:44",NULL,NULL,"N","N",NULL,"N","N",NULL,"N","N"
"115","116","Banner","cf1795bac12b718d65e14ebad3285e91.jpeg","N","Y","Y","N","N","A","primary",NULL,NULL,"2020-11-27 12:59:03","2020-11-27 19:11:58",NULL,NULL,"N","N",NULL,"N","N",NULL,"N","N"
"116","117","Banner","3a99c1235ca323b943860233275f7167.jpeg","N","Y","Y","N","N","A","primary",NULL,NULL,"2020-12-08 13:02:57","2020-12-08 14:12:06",NULL,NULL,"N","N",NULL,"N","N",NULL,"N","N"
"117","120","Banner","91cd199a6d82183d96e4900c44809994.jpg","Y","Y","Y","Y","Y","A","primary",NULL,NULL,"2020-12-24 17:13:52","2021-01-19 15:01:32",NULL,NULL,"N","N",NULL,"N","N",NULL,"N","N"
"118","121","Banner","c39aaaa76dfaefd9f7598476055970e7.jpg","N","Y","N","Y","Y","A","primary",NULL,"337b73e96fd621f23917dd0782ca31cd.jpg","2021-01-26 10:58:38","2023-12-07 17:12:25","[{""infogra_key"":""I am key element 1"",""infogra_val"":""I am Value element 1"",""infogra_image"":""3dcompanylogodesign_1613562190.jpg""},{""infogra_key"":""I am key element 2"",""infogra_val"":""I am Value element 2"",""infogra_image"":""logo-2_1611645242.jpg""}]",,"N","N",,"N","N",,"N","Y"
"119","122","Banner","b4b9517e654a45da6a1bf3bb01d6b365.jpg","Y","Y","Y","Y","Y","A","primary",NULL,NULL,"2021-02-03 16:15:42","2021-02-03 17:02:43",NULL,NULL,"N","N",NULL,"N","N",NULL,"N","N"
"120","123","Banner","b236af01b1616229d6d91b3bbd1953fc.jpeg","N","Y","Y","N","Y","A","primary",NULL,NULL,"2021-02-05 13:37:21","2021-02-05 14:02:19",NULL,NULL,"N","N",NULL,"N","N",NULL,"N","N"
"121","124","Banner","0ea0a9e3cbdbd43a8fa86e694299de78.jpg","N","Y","Y","Y","Y","A","primary",NULL,,"2021-02-10 12:09:58","2024-11-01 12:11:10",NULL,,"N","Y",,"N","Y","+91 80474 86192","Y","Y"
"122","125","Banner",NULL,"N","N","N","N","Y","A",NULL,NULL,NULL,"2021-03-19 14:10:50",NULL,NULL,NULL,"N","N",NULL,"N","N",NULL,"N","N"
"123","126","Banner","f784753964dd4d8500e7d63e3276fe00.jpg","N","Y","Y","Y","Y","A","primary",NULL,,"2021-04-07 18:59:27","2024-11-01 12:11:09",NULL,"1000+ Learners Enrolled","Y","Y","  Learn the intricacies of Intellectual property Law and be proficient paralegals, cater to international clientele, and achieve a monthly income of USD 1000-3000 within six months.  ","Y","Y","+91 80474 86192","Y","Y"
"124","127","Banner","c9837d7fad27a053b9e25a5f0fa4e843.jpg","N","Y","Y","N","N","A","primary",NULL,NULL,"2021-04-08 16:21:27","2021-04-09 17:04:29",NULL,NULL,"N","N",NULL,"N","N",NULL,"N","N"
"125","128","Banner","927e68edeef74ca1c0a5eea169acfcdf.jpg","N","Y","N","Y","N","A","primary",NULL,"2dfc12fd8dc0a13e5c7e079c9903dc88.jpg","2021-04-09 10:44:27","2021-04-10 11:04:19",NULL,NULL,"N","N",NULL,"N","N",NULL,"N","N"
"126","129","Banner",NULL,"N","N","N","N","Y","A",NULL,NULL,NULL,"2021-04-10 11:36:22",NULL,NULL,NULL,"N","N",NULL,"N","N",NULL,"N","N"
"127","130","Banner","96d832671de3c7d86a495944bf66fbeb.jpg","Y","Y","N","Y","N","A","primary",NULL,"fb14c37d805317d201c85acc6c2a976a.jpg","2021-04-11 14:41:47","2021-04-11 16:04:30",NULL,NULL,"N","N",NULL,"N","N",NULL,"N","N"
"128","131","Banner","e412c9da574188a06b54f06953e9cc2e.jpg","N","Y","Y","Y","Y","A","primary",NULL,,"2021-04-16 21:51:38","2024-01-23 15:01:40",NULL,"3000+  Learners Enrolled","Y","Y","Attain a thorough grasp of US Contract law and acquire practical skills needed to excel as proficient contract drafters and paralegals, cater to international clientele, and achieve a monthly income of USD 1000-3000 within six months. ","Y","Y"," +91 98186 78383 ","Y","Y"
"129","132","Banner","8a89263f7ababcd101fa07bbb4bff763.jpg","N","Y","Y","Y","Y","A","primary",NULL,,"2021-04-17 15:17:04","2024-11-01 12:11:50",NULL,"5000+ Learners Enrolled","Y","Y","  Gain the advanced skills and expertise necessary to navigate complex international business transactions with confidence and precision, & achieve a income upto USD 1000-3000 within 6 months.  ","Y","Y","+91 80474 86192","Y","Y"
"130","133","Banner","dc28440a88e712ed9cdbb03aca6afb67.jpg","N","Y","Y","Y","Y","A","primary",NULL,,"2021-04-24 19:47:13","2024-11-01 12:11:33",NULL,,"N","Y",,"N","Y","+91 80474 86192","Y","Y"
"131","134","Banner","034661062960a19b45406b8fe4c1c8c7.jpg","Y","Y","Y","N","N","A","primary",NULL,,"2021-04-26 12:45:28","2022-01-11 16:01:57",NULL,NULL,"N","N",NULL,"N","N",NULL,"N","N"
"132","135","Banner","b20d1a53c977a7fa28b1a9a79faa95b3.jpg","N","Y","N","N","Y","A","primary",NULL,,"2021-05-19 16:21:49","2021-08-04 22:08:20",NULL,NULL,"N","N",NULL,"N","N",NULL,"N","N"
"133","136","Banner","2fc704fdcaf31809b91229b0d86eecf1.jpg","Y","Y","Y","Y","N","A","primary",NULL,NULL,"2021-05-26 17:08:24","2021-05-26 17:05:22",NULL,NULL,"N","N",NULL,"N","N",NULL,"N","N"
"134","137","Banner","6d1f080a9c3f03979e6f686bf2ed59d7.jpg","Y","Y","Y","Y","N","A","primary",NULL,NULL,"2021-05-27 19:46:59","2021-05-27 21:05:37",NULL,NULL,"N","N",NULL,"N","N",NULL,"N","N"
"135","138","Banner",NULL,"N","N","N","N","Y","A",NULL,NULL,NULL,"2021-05-31 13:23:50",NULL,NULL,NULL,"N","N",NULL,"N","N",NULL,"N","N"
"136","139","Banner",NULL,"N","N","N","N","Y","A",NULL,NULL,NULL,"2021-06-08 18:53:48",NULL,NULL,NULL,"N","N",NULL,"N","N",NULL,"N","N"
"137","140","Banner","8abf3fe5d2aabab4ae06ff0231298a10.jpeg","N","Y","Y","Y","Y","A","primary",NULL,,"2021-06-11 20:48:24","2024-11-01 12:11:08",NULL,"1100+  Learners Enrolled","Y","Y","Acquire in-demand corporate law skills with global significance, cater to international clientele, and achieve a monthly income of USD 1000-3000 within six months","Y","Y","+91 80474 86192","Y","Y"
"138","141","Banner","63b1ca50eabe3d393d5cd6268b889017.jpg","N","Y","Y","Y","Y","A","primary",NULL,,"2021-06-25 19:42:03","2024-11-01 12:11:33",NULL,,"N","Y","Acquire in-demand technology law skills with global significance, cater to international clientele, and achieve a monthly income of USD 1000-3000 within six months ","Y","Y","+91 80474 86192","Y","Y"
"139","142","Banner","b226cb95f2955cbc2c503f3350ccda96.jpg","N","Y","Y","Y","Y","A","primary",NULL,,"2021-06-26 12:30:17","2024-11-01 12:11:10",NULL,"1300+  Learners Enrolled","Y","Y"," Acquire in-demand technology law skills with global significance, cater to international clientele, and achieve a monthly income of USD 1000-3000 within six months ","Y","Y","+91 80474 86192","Y","Y"
"140","143","Banner","65bd9de4ce0f28b8dbac4db95e42b45e.jpg","Y","Y","Y","Y","N","A","primary",NULL,,"2021-06-30 13:37:23","2023-05-04 15:05:04",NULL,NULL,"N","N",NULL,"N","N",NULL,"N","N"
"141","144","Banner",NULL,"N","N","N","N","Y","A",NULL,NULL,NULL,"2021-06-30 15:05:12",NULL,NULL,NULL,"N","N",NULL,"N","N",NULL,"N","N"
"142","145","Banner","1d6c70ec988bf277d9a24f54b713219e.jpg","Y","Y","Y","Y","Y","A","primary",NULL,,"2021-06-30 15:30:52","2021-10-22 12:10:28",NULL,NULL,"N","N",NULL,"N","N",NULL,"N","N"
"143","146","Banner",NULL,"N","N","N","N","Y","A",NULL,NULL,NULL,"2021-07-22 13:54:00",NULL,NULL,NULL,"N","N",NULL,"N","N",NULL,"N","N"
"144","147","Banner","04476d38bc39dc39c0f7f472712f2f3b.jpg","Y","Y","Y","Y","Y","A","primary",NULL,,"2021-07-24 13:45:35","2021-10-18 18:10:28",NULL,NULL,"N","N",NULL,"N","N",NULL,"N","N"
"145","148","Banner","ea365bfd9f73f1c5fb304182835cd93e.jpg","Y","Y","Y","Y","Y","A","primary",NULL,,"2021-07-24 15:46:00","2021-10-18 18:10:56",NULL,NULL,"N","N",NULL,"N","N",NULL,"N","N"
"146","149","Banner","1b681260043688736bb0c21b605c131a.png","N","Y","Y","Y","Y","A","primary",NULL,,"2021-07-24 17:05:55","2023-12-06 11:12:12",NULL,"1800+  Learners Enrolled","Y","Y"," Acquire essential law firm skills, from research to client management, in our comprehensive diploma course. Gain insights into various law firm practice areas, master practical legal skills, and learn to navigate real-life transactions and court matters effectivelly.  ","Y","Y","+91 98186 78383 ","Y","Y"
"147","150","Banner","a46be6196d45bf7a27dd87a85a627b34.jpg","Y","Y","Y","Y","Y","A","primary",NULL,,"2021-07-25 17:10:13","2021-08-04 11:08:41",NULL,NULL,"N","N",NULL,"N","N",NULL,"N","N"
"148","151","Banner","09d4a14977800e1051ac8e366212a6e4.jpg","N","Y","N","N","N","A","primary",NULL,,"2021-07-27 18:19:49","2021-08-02 19:08:35",NULL,NULL,"N","N",NULL,"N","N",NULL,"N","N"
"149","152","Banner","45ec29eb8870285d9a5e6eaf36e39d52.jpg","Y","Y","Y","Y","Y","A","primary",NULL,,"2021-08-13 16:16:22","2021-10-18 18:10:59",NULL,NULL,"N","N",NULL,"N","N",NULL,"N","N"
"150","153","Banner","cf2a9a5f235c0cf5278f562f34ea7e75.jpg","Y","Y","Y","Y","Y","A","primary",NULL,,"2021-08-14 11:25:18","2021-10-18 21:10:39",NULL,NULL,"N","N",NULL,"N","N",NULL,"N","N"
"151","154","Banner","442ab95d6c416515020594a96c572d15.jpg","N","Y","Y","Y","Y","A","primary",NULL,,"2021-08-14 13:58:36","2024-11-01 12:11:52",NULL,"5400+  Learners Enrolled","Y","Y"," Gain comprehensive knowledge and skills, cater to international clientele, and achieve a monthly income of USD 1000-3000 within six months.  ","Y","Y","+91 80474 86192","Y","Y"
"152","155","Banner","05922f224a201d13b64239e2168566be.jpg","Y","Y","Y","Y","N","A","primary",NULL,,"2021-08-24 14:45:34","2021-08-24 15:08:41",NULL,NULL,"N","N",NULL,"N","N",NULL,"N","N"
"153","156","Banner","1c833f75cc8dc17c588aa8a18dc951db.jpg","Y","Y","Y","Y","N","A","primary",NULL,,"2021-08-25 10:40:51","2021-08-25 11:08:18",NULL,NULL,"N","N",NULL,"N","N",NULL,"N","N"
"154","157","Banner","fa2725b0a1a5a6223fc8776126e6c8e7.jpeg","Y","Y","Y","Y","N","A","primary",NULL,,"2021-08-27 14:51:54","2021-08-27 15:08:08",NULL,NULL,"N","N",NULL,"N","N",NULL,"N","N"
"155","158","Banner","55ca4639af3ae851a96633ab0ea85766.jpg","N","Y","Y","Y","N","A","primary",NULL,"4a6bac5be04074208a9ec7c08580ce7d.jpg","2021-08-28 10:39:03","2022-07-14 23:07:17",NULL,NULL,"N","N",NULL,"N","N",NULL,"N","N"
"156","159","Banner","c0e6988f0a2480323e06fa2e7806d2cb.jpg","N","Y","Y","Y","N","A","primary",NULL,"0623d581f1db0753f8ca6758242c9b9b.jpg","2021-08-28 14:22:18","2022-07-14 23:07:15",NULL,NULL,"N","N",NULL,"N","N",NULL,"N","N"
"157","160","Banner","434e372edc135e56978c0b3a9e445f5d.jpg","Y","Y","Y","Y","Y","A","primary",NULL,,"2021-08-28 15:40:35","2021-10-18 16:10:56",NULL,NULL,"N","N",NULL,"N","N",NULL,"N","N"
"158","161","Banner","1a43538b1f438eed7d9b7b8f61240df5.jpg","N","Y","N","Y","Y","A","primary",NULL,,"2021-08-28 16:46:45","2024-01-29 16:01:30",NULL,,"N","N",,"N","N",,"N","N"
"159","162","Banner","9c4e9077a0c89b397bfd5ba3f00c717e.jpg","N","Y","N","Y","Y","A","primary",NULL,,"2021-08-28 17:56:09","2022-07-01 18:07:47",NULL,NULL,"N","N",NULL,"N","N",NULL,"N","N"
"160","163","Banner","e6f7e9b00a19898e9d3a2fbfc97baf56.jpg","N","Y","N","Y","N","A","primary",NULL,,"2021-08-28 19:25:25","2022-01-11 15:01:30",NULL,NULL,"N","N",NULL,"N","N",NULL,"N","N"
"161","164","Banner","b78a17a3761949508fd2c71a9fc0c19c.jpg","N","Y","Y","N","N","A","primary",NULL,,"2021-09-06 14:47:52","2021-09-06 15:09:08",NULL,NULL,"N","N",NULL,"N","N",NULL,"N","N"
"162","165","Banner","00e59a9c8f21515ae53c63e934c5c2e3.jpeg","N","Y","Y","Y","N","A","primary",NULL,,"2021-09-11 12:29:01","2021-09-11 12:09:41",NULL,NULL,"N","N",NULL,"N","N",NULL,"N","N"
"163","166","Banner","cdc71a8a9958a238c95b433ba29772e7.jpg","N","Y","Y","Y","Y","A","primary",NULL,,"2021-10-08 15:35:41","2024-11-01 12:11:24",NULL,"1000+ Learners Enrolled","Y","Y"," Gain a competetive edge in providing comprehensive advisory
              services and compliance support in today's legal business,
              cater to international clientele, and achieve a monthly income of
              USD 1000-3000 within six months. ","Y","Y","+91 80474 86192","Y","Y"
"164","167","Banner","a6b10646c7090b0ed4857bff20ea8905.jpg","N","Y","N","Y","N","A","primary",NULL,,"2021-10-14 17:43:47","2021-10-15 14:10:14",NULL,NULL,"N","N",NULL,"N","N",NULL,"N","N"
"165","168","Banner","4dd673956764129c13eec6502ae4ec66.jpg","N","Y","Y","Y","Y","A","primary",NULL,"152ca196cf7a15705c964ff6cb4180ce.jpg","2021-11-26 09:55:43","2024-11-01 12:11:57",NULL,,"N","Y",,"N","Y","+91 80474 86192","Y","Y"
"166","169","Banner","8903263e7cad4aa8cbae140f86b61324.jpeg","Y","Y","Y","Y","Y","A","primary",NULL,,"2021-12-03 11:20:42","2023-11-30 11:11:24",NULL,NULL,"N","N",NULL,"N","N",NULL,"N","N"
"167","170","Banner","21c272a5c4125fb3b7489f57ae3ebd94.jpg","N","Y","N","Y","N","A","primary",NULL,,"2021-12-03 13:48:57","2021-12-03 14:12:39",NULL,NULL,"N","N",NULL,"N","N",NULL,"N","N"
"168","171","Banner","810b141e0f6ab2d955ba18b3f85bb402.jpg","N","Y","N","Y","N","A","primary",NULL,,"2022-01-05 13:12:22","2022-01-05 13:01:30",NULL,NULL,"N","N",NULL,"N","N",NULL,"N","N"
"169","172","Banner","953d1d2a36812ef6f48998257dae4703.jpg","N","Y","Y","Y","Y","A","primary",NULL,,"2022-01-07 17:24:54","2024-11-01 12:11:54",NULL,,"N","Y","Acquire valuable skills in tax law, a niche with high demand and limited competition, and position yourself for a successful, financially rewarding legal career.","Y","Y","+91 80474 86192","Y","Y"
"170","173","Banner","99153879344a4b3b5e7c38348edfa46d.jpg","Y","Y","Y","Y","N","A","primary",NULL,,"2022-01-13 16:36:52","2022-01-13 16:01:19",NULL,NULL,"N","N",NULL,"N","N",NULL,"N","N"
"171","174","Banner","bc14e8aaf4d51f276ebeabcf3b9fdabb.jpg","N","Y","Y","Y","N","A","primary",NULL,,"2022-01-13 18:22:52","2024-11-01 12:11:22",NULL,"550+  Learners Enrolled","Y","Y",,"N","Y","+91 80474 86192","Y","Y"
"172","175","Banner","d9ac25b9c1369c669a97048935fee903.jpg","Y","Y","Y","Y","N","A","primary",NULL,,"2022-01-13 19:55:25","2022-01-13 20:01:04",NULL,NULL,"N","N",NULL,"N","N",NULL,"N","N"
"173","176","Banner","a685592e48bfc54e356bd85fc8113e75.jpg","Y","Y","Y","Y","N","A","primary",NULL,,"2022-01-13 20:37:23","2022-01-13 20:01:59",NULL,NULL,"N","N",NULL,"N","N",NULL,"N","N"
"174","177","Banner","850132c5eb609c55e2967e607adc14b4.jpg","Y","Y","Y","Y","N","A","primary",NULL,,"2022-01-13 21:25:08","2022-01-13 21:01:55",NULL,NULL,"N","N",NULL,"N","N",NULL,"N","N"
"175","178","Banner","a2abce96ce558d1dfe02c5e0df54a19b.jpg","Y","Y","N","N","Y","A","primary",NULL,"0c0a8764aecf1ed043d74e7e06b96a72.jpg","2022-01-19 08:23:28","2022-02-17 08:02:38",NULL,NULL,"N","N",NULL,"N","N",NULL,"N","N"
"176","179","Banner",NULL,"N","N","N","N","Y","A",NULL,NULL,NULL,"2022-01-31 12:23:50",NULL,NULL,NULL,"N","N",NULL,"N","N",NULL,"N","N"
"177","180","Banner","a5052b95f6b961e27133bdc02ed86055.jpg","N","Y","Y","Y","Y","A","primary",NULL,,"2022-02-18 19:17:25","2024-11-01 12:11:56",NULL,"900+ Learners Enrolled","Y","Y","Acquire the practical skills and knowledge essential for success in the field of arbitration, secure your path to becoming an arbitration expert, and excel in the world of dispute resolution.","Y","Y","+91 80474 86192","Y","Y"
"178","181","Banner","eceb5a022e264aba3c83e2cd5498272c.jpg","N","Y","Y","Y","Y","A","primary",NULL,,"2022-02-19 12:10:30","2024-11-01 12:11:39",NULL,"1000+ Learners Enrolled ","Y","Y"," Acquire comprehensive expertise in Supreme Court practice ranging from general practice directions to persuasive drafting and client counseling. Prepare for the AOR examinations for career advancement.   ","Y","Y","+91 80474 86192","Y","Y"
"179","182","Banner","0d0e25657161f6e218709ce5c6751316.jpeg","N","Y","Y","Y","Y","A","primary",NULL,,"2022-02-20 01:37:31","2024-11-01 12:11:44",NULL,"1000+ Learners Enrolled","Y","Y"," ","Y","Y","+91 80474 86192","Y","Y"
"180","183","Banner","acc9b1381ec222fa8149522bf6916191.jpeg","N","Y","N","Y","N","A","primary",NULL,,"2022-03-07 13:47:39","2022-03-07 14:03:21",NULL,NULL,"N","N",NULL,"N","N",NULL,"N","N"
"181","184","Banner","3a57bd2c80e2bdba14308305dde02425.jpg","N","Y","N","N","N","A","primary",NULL,"d1e0b66a29bfb541c3c6cefa1473b892.jpg","2022-03-08 08:45:52","2022-03-08 12:03:40",NULL,NULL,"N","N",NULL,"N","N",NULL,"N","N"
"182","185","Banner","d6585495394fe71e7f45c3fb28124bab.jpg","Y","Y","Y","Y","N","A","primary",NULL,,"2022-03-15 18:03:09","2022-03-15 19:03:32",NULL,NULL,"N","N",NULL,"N","N",NULL,"N","N"
"183","186","Banner","69d2433ef3f214babb76ed85da382856.jpeg","Y","Y","Y","Y","N","A","primary",NULL,,"2022-03-25 19:58:45","2022-03-25 20:03:59",NULL,NULL,"N","N",NULL,"N","N",NULL,"N","N"
"184","187","Banner","38712f10711a2278f70b8da8e8533e94.jpg","N","Y","N","Y","N","A","primary",NULL,,"2022-05-13 11:26:13","2022-05-13 12:05:42",NULL,NULL,"N","N",NULL,"N","N",NULL,"N","N"
"185","188","Banner",NULL,"N","N","N","N","Y","A",NULL,NULL,NULL,"2022-06-09 14:15:32",NULL,NULL,NULL,"N","N",NULL,"N","N",NULL,"N","N"
"186","189","Banner","e791b4c7b9bc5f6361250b3985aa7e68.jpg","Y","Y","Y","Y","N","A","primary",NULL,,"2022-06-18 13:31:36","2022-06-18 14:06:26",NULL,NULL,"N","N",NULL,"N","N",NULL,"N","N"
"187","190","Banner","e465507b1f65ae7fd3182c7d36458457.jpg","N","Y","N","Y","N","A","primary",NULL,,"2022-07-01 12:01:28","2022-07-01 12:07:39",NULL,NULL,"N","N",NULL,"N","N",NULL,"N","N"
"188","191","Banner","6fcf640496a79ac302c98f3524f554d0.jpg","N","Y","Y","Y","Y","A","primary",NULL,,"2022-07-22 12:32:12","2024-11-01 12:11:10",NULL,,"N","Y",,"N","Y","+91 80474 86192","Y","Y"
"189","192","Banner","26beed7fca80e875fae0957d44436ae8.jpg","N","Y","Y","Y","Y","A","primary",NULL,,"2022-07-23 12:13:38","2022-07-23 13:07:33",NULL,NULL,"N","N",NULL,"N","N",NULL,"N","N"
"190","193","Banner",NULL,"N","N","N","N","Y","A",NULL,NULL,NULL,"2022-08-29 13:04:17",NULL,NULL,NULL,"N","N",NULL,"N","N",NULL,"N","N"
"191","194","Banner",NULL,"N","N","N","N","Y","A",NULL,NULL,NULL,"2022-09-13 12:03:00",NULL,NULL,NULL,"N","N",NULL,"N","N",NULL,"N","N"
"192","195","Banner","f0d278913f8edb21653e3d825156a1a2.jpg","N","Y","Y","Y","N","A","primary",NULL,,"2022-09-25 12:22:03","2025-03-25 17:03:21",NULL,"1000+ Learners Enrolled","Y","Y","  Gain expertise in navigating the Complex landscape of US tax regulations and Compliance, cater to international clientele, and achieve a monthly income of USD 1000-3000 within six months.  ","Y","Y","+91 80474 86192","Y","Y"
"193","196","Banner","f884ed8f2401467cc11506145049a2e2.jpeg","N","Y","N","Y","Y","A","primary",NULL,,"2022-11-21 15:28:30","2022-11-23 12:11:01",NULL,NULL,"N","N",NULL,"N","N",NULL,"N","N"
"194","197","Banner","d59cda4f7d94d66f45f1e1a2a930a1eb.jpg","N","Y","N","Y","Y","A","primary",NULL,,"2022-11-21 21:23:46","2022-11-23 12:11:00",NULL,NULL,"N","N",NULL,"N","N",NULL,"N","N"
"195","198","Banner","eec7f30fe97957766c92ba55c0d51d2f.jpg","N","Y","Y","Y","N","A","primary",NULL,,"2022-11-24 17:31:42","2023-05-04 15:05:08",NULL,NULL,"N","N",NULL,"N","N",NULL,"N","N"
"196","199","Banner","cd51bd3ae7cff6f23392b90f41b6d205.jpg","Y","Y","Y","Y","N","A","primary",NULL,,"2022-11-25 14:31:59","2025-09-23 19:09:56",NULL,,"N","N",,"N","N",,"N","N"
"197","200","Banner",NULL,"N","N","N","N","Y","A",NULL,NULL,NULL,"2022-12-20 20:04:35",NULL,NULL,NULL,"N","N",NULL,"N","N",NULL,"N","N"
"198","201","Banner","d880f264c53aa9087ee63f7d98222401.jpg","N","Y","N","Y","N","A","primary",NULL,,"2023-01-02 11:22:10","2023-01-02 12:01:33",NULL,NULL,"N","N",NULL,"N","N",NULL,"N","N"
"199","202","Banner","e5ca26e8bf6768bf69bd7ff69ae38db8.jpg","N","Y","N","Y","N","A","primary",NULL,,"2023-01-02 12:27:29","2023-01-02 13:01:26",NULL,NULL,"N","N",NULL,"N","N",NULL,"N","N"
"200","203","Banner","e4882f1344bd992b7cc0439d123d3362.jpg","N","Y","N","Y","N","A","primary",NULL,,"2023-01-02 16:30:48","2023-01-02 16:01:37",NULL,NULL,"N","N",NULL,"N","N",NULL,"N","N"
"201","204","Banner","2902582cc8d2a12e6b72f36d915619c8.jpg","N","Y","N","Y","N","A","primary",NULL,,"2023-01-02 17:59:46","2023-01-04 19:01:41",NULL,NULL,"N","N",NULL,"N","N",NULL,"N","N"
"202","205","Banner","10f10761bcc785802860eae5220fd393.jpg","N","Y","N","Y","N","A","primary",NULL,,"2023-01-24 15:06:40","2023-01-24 15:01:42",NULL,NULL,"N","N",NULL,"N","N",NULL,"N","N"
"203","206","Banner","9231efe6e26be0ba8eee6f16e69ee3af.jpg","N","Y","N","Y","Y","A","primary",NULL,,"2023-01-30 14:55:05","2023-02-24 20:02:08",NULL,NULL,"N","N",NULL,"N","N",NULL,"N","N"
"204","207","Banner","03398f1820825f3d1115e136a3e61fef.jpg","N","Y","N","Y","N","A","primary",NULL,,"2023-02-02 13:02:27","2023-02-02 13:02:03",NULL,NULL,"N","N",NULL,"N","N",NULL,"N","N"
"205","208","Banner","4146c0c0852dd5cadf5b8977b553338c.jpg","Y","Y","Y","Y","N","A","primary",NULL,,"2023-02-09 13:21:30","2023-02-13 13:02:19",NULL,NULL,"N","N",NULL,"N","N",NULL,"N","N"
"206","209","Banner","c78c422ece7291bafd780aa292d6e45d.jpeg","N","Y","N","Y","N","A","primary",NULL,,"2023-02-14 16:23:14","2023-02-14 16:02:17",NULL,NULL,"N","N",NULL,"N","N",NULL,"N","N"
"207","210","Banner",NULL,"N","N","N","N","Y","A",NULL,NULL,NULL,"2023-02-20 11:52:57",NULL,NULL,NULL,"N","N",NULL,"N","N",NULL,"N","N"
"208","211","Banner","66baffe05eb800a9738f92f203f7963b.jpg","N","Y","N","Y","N","A","primary",NULL,,"2023-02-28 16:26:58","2023-02-28 16:02:39",NULL,NULL,"N","N",NULL,"N","N",NULL,"N","N"
"209","212","Banner","c425fa8f7454fb023acc4df3e445de8c.jpg","N","Y","N","Y","Y","A","primary",NULL,,"2023-03-03 18:37:25","2023-03-13 14:03:01",NULL,NULL,"N","N",NULL,"N","N",NULL,"N","N"
"210","213","Banner","c5c3584dc1e9fa7f2edb602ad7160603.jpg","N","Y","N","Y","N","A","primary",NULL,,"2023-03-06 15:42:57","2023-03-06 15:03:47",NULL,NULL,"N","N",NULL,"N","N",NULL,"N","N"
"211","214","Banner","187d5dcd70196068c7115f3250b1a197.jpg","N","Y","N","Y","N","A","primary",NULL,,"2023-03-17 16:07:32","2023-03-17 16:03:26",NULL,NULL,"N","N",NULL,"N","N",NULL,"N","N"
"212","215","Banner","49aed63096e8e057d57d89b07d3b8ebc.jpeg","N","Y","N","Y","N","A","primary",NULL,,"2023-03-24 17:12:46","2023-03-24 17:03:41",NULL,NULL,"N","N",NULL,"N","N",NULL,"N","N"
"213","216","Banner","b99bb997e78eb0a920504814530414e1.jpg","N","Y","N","Y","N","A","primary",NULL,,"2023-03-24 17:39:51","2023-03-24 17:03:46",NULL,NULL,"N","N",NULL,"N","N",NULL,"N","N"
"214","217","Banner","09788bcdfaacc75dbae88b01ffed4761.jpg","N","Y","N","Y","N","A","primary",NULL,,"2023-04-07 15:14:35","2023-04-07 15:04:33",NULL,NULL,"N","N",NULL,"N","N",NULL,"N","N"
"215","218","Banner","11552d9df9ca36813a334d6635c5bb9e.jpg","N","Y","Y","Y","N","A","primary",NULL,,"2023-04-09 11:50:42","2023-04-09 12:04:36",NULL,NULL,"N","N",NULL,"N","N",NULL,"N","N"
"216","219","Banner",NULL,"N","N","N","N","Y","A",NULL,NULL,NULL,"2023-04-10 15:12:48",NULL,NULL,NULL,"N","N",NULL,"N","N",NULL,"N","N"
"217","220","Banner","3cff8de0fb63d4dc028670488216aaa8.jpg","Y","Y","Y","Y","N","A","primary",NULL,,"2023-04-13 18:11:13","2023-04-13 18:04:29",NULL,NULL,"N","N",NULL,"N","N",NULL,"N","N"
"218","221","Banner","2178761986f44cba74aa4fa2ae73d492.jpg","Y","Y","Y","Y","N","A","primary",NULL,,"2023-04-14 16:43:41","2023-04-14 17:04:11",NULL,NULL,"N","N",NULL,"N","N",NULL,"N","N"
"219","222","Banner","8b02283102015f233be5c5e13f5bc2c2.jpg","Y","Y","Y","Y","N","A","primary",NULL,,"2023-04-14 17:34:13","2023-04-14 18:04:42",NULL,NULL,"N","N",NULL,"N","N",NULL,"N","N"
"220","223","Banner","89fcbc82e20e34949c32be17db70d471.jpg","N","Y","N","Y","N","A","primary",NULL,,"2023-04-19 17:58:17","2023-04-19 18:04:04",NULL,NULL,"N","N",NULL,"N","N",NULL,"N","N"
"221","224","Banner","0d2b76a4498fea6a604bbdee3cf4227a.jpg","N","Y","Y","Y","N","A","primary",NULL,,"2023-04-21 13:39:03","2023-04-21 13:04:41",NULL,NULL,"N","N",NULL,"N","N",NULL,"N","N"
"222","225","Banner","d872091377e3fee0dcd98b6c4500dee8.jpg","N","Y","Y","Y","N","A","primary",NULL,,"2023-05-03 16:51:48","2025-03-25 17:03:39",NULL,"800+  Learners Enrolled","Y","Y","Acquire expertise in corporate law, from complex deals to corporate litigation, covering Company Act, SEBI regulations, and corporate governance. Elevate your career with knowledge and strategic skills. ","Y","Y","+91 80474 86192","Y","Y"
"223","226","Banner","3a075fe9769334008672043d385a9546.jpg","Y","Y","Y","Y","N","A","primary",NULL,,"2023-05-07 11:27:52","2023-05-07 12:05:18",NULL,NULL,"N","N",NULL,"N","N",NULL,"N","N"
"224","227","Banner","fde6e896ac834eede6842424b16ffab9.jpeg","N","Y","N","Y","Y","A","primary",NULL,,"2023-05-17 13:34:51","2023-05-21 15:05:26",NULL,NULL,"N","N",NULL,"N","N",NULL,"N","N"
"225","228","Banner","09ff78f9cec8bcde6965a5f18d36f95e.jpg","N","Y","N","Y","N","A","primary",NULL,,"2023-06-03 13:56:27","2023-06-03 14:06:34",NULL,NULL,"N","N",NULL,"N","N",NULL,"N","N"
"226","229","Banner","e4dbfdd4174903d5884774ebb2377ae4.jpg","Y","Y","Y","Y","N","A","primary",NULL,,"2023-06-10 15:33:32","2023-06-10 15:06:42",NULL,NULL,"N","N",NULL,"N","N",NULL,"N","N"
"227","230","Banner","a1d8b231f6c1e17c4924fc4720e7285c.jpg","N","Y","N","Y","N","A","primary",NULL,,"2023-06-15 15:49:51","2023-06-20 11:06:22",NULL,NULL,"N","N",NULL,"N","N",NULL,"N","N"
"228","231","Banner","f26c1a2e4da832facc4b5425050de03c.jpg","N","Y","N","Y","N","A","primary",NULL,,"2023-06-21 13:33:02","2023-06-21 14:06:26",NULL,NULL,"N","N",NULL,"N","N",NULL,"N","N"
"229","232","Banner","f7b5fe22561446b533655d19464a616a.jpg","N","Y","N","Y","N","A","primary",NULL,,"2023-06-28 13:37:52","2023-06-28 14:06:06",NULL,NULL,"N","N",NULL,"N","N",NULL,"N","N"
"230","233","Banner","9fc1c139ef8b663ed9fc9c124948107a.jpg","N","Y","N","Y","N","A","primary",NULL,,"2023-07-13 13:41:42","2023-07-13 14:07:41",NULL,NULL,"N","N",NULL,"N","N",NULL,"N","N"
"231","234","Banner","fbb1fd47f57ffd29908bf100976441f4.jpg","N","Y","N","Y","N","A","primary",NULL,,"2023-07-13 14:22:57","2023-07-13 14:07:35",NULL,NULL,"N","N",NULL,"N","N",NULL,"N","N"
"232","235","Banner",NULL,"N","N","N","N","Y","A",NULL,NULL,NULL,"2023-07-17 15:32:17",NULL,NULL,NULL,"N","N",NULL,"N","N",NULL,"N","N"
"233","235","Banner",NULL,"N","N","N","N","Y","A",NULL,NULL,NULL,"2023-07-17 15:32:17",NULL,NULL,NULL,"N","N",NULL,"N","N",NULL,"N","N"
"234","236","Banner","8488953eca6c075047c33541235d5c82.jpg","N","Y","N","Y","N","A","primary",NULL,,"2023-07-26 18:45:20","2023-07-26 19:07:29",NULL,NULL,"N","N",NULL,"N","N",NULL,"N","N"
"235","237","Banner","e23056cf08fb171d1bb380a00d6ee94a.jpg","N","Y","N","Y","N","A","primary",NULL,,"2023-08-03 16:23:56","2023-08-03 16:08:26",NULL,NULL,"N","N",NULL,"N","N",NULL,"N","N"
"236","238","Banner","16aa85c084dfbc6e45bdadb133a38e9a.jpg","N","Y","N","Y","N","A","primary",NULL,,"2023-08-19 15:42:04","2023-08-19 16:08:13",NULL,NULL,"N","N",NULL,"N","N",NULL,"N","N"
"237","239","Banner","5c7dbb2445bc18e4da34f674d5c7b757.jpg","N","Y","N","Y","N","A","primary",NULL,,"2023-08-22 15:16:58","2023-08-22 15:08:50",NULL,NULL,"N","N",NULL,"N","N",NULL,"N","N"
"238","240","Banner",NULL,"N","N","N","N","Y","A",NULL,NULL,NULL,"2023-08-24 17:45:57",NULL,NULL,NULL,"N","N",NULL,"N","N",NULL,"N","N"
"239","241","Banner","4cde129bdad6cb491d5382c40615b0cc.jpg","N","Y","Y","Y","N","A","primary",NULL,,"2023-08-25 17:59:49","2025-03-25 17:03:59",NULL,"1600+ Learners Enrolled","Y","Y","Explore the potential of AI in the legal field, with a particular emphasis on practical applications and enhancements.","Y","Y","+91 80474 86192","Y","Y"
"240","242","Banner","1bd63324ce2178f64a9e290f897b3208.jpg","Y","Y","Y","Y","N","A","primary",NULL,,"2023-08-25 18:41:37","2023-08-25 19:08:05",NULL,NULL,"N","N",NULL,"N","N",NULL,"N","N"
"241","243","Banner","e00b44a5c5ccb9578fafa9c861f02bb7.jpeg","Y","Y","Y","Y","N","A","primary",NULL,,"2023-08-25 19:28:33","2023-08-25 19:08:07",NULL,NULL,"N","N",NULL,"N","N",NULL,"N","N"
"242","244","Banner","800d2821bc3802c627369e1df7aadcf9.jpg","N","Y","N","Y","N","A","primary",NULL,,"2023-08-29 13:38:07","2023-08-29 14:08:57",NULL,NULL,"N","N",NULL,"N","N",NULL,"N","N"
"243","245","Banner","64b6c3ee67e487a4dc76a1af4623495a.jpg","N","Y","Y","Y","N","A","primary",NULL,,"2023-08-31 20:33:34","2025-11-13 17:11:51",NULL,"500+ Learners Enrolled","Y","Y","Acquire in-demand skills and become Independent Directors, and achieve high paying job with security.","Y","Y","+91 80474 86192","Y","Y"
"244","246","Banner","c57bde83807b98768a15641a3024eddf.jpeg","N","Y","N","Y","N","A","primary",NULL,,"2023-09-13 14:29:22","2023-09-13 18:09:21",NULL,NULL,"N","N",NULL,"N","N",NULL,"N","N"
"245","247","Banner","c047912ad4404f0107b8d45f8374c15e.jpeg","N","Y","N","Y","N","A","primary",NULL,,"2023-09-15 15:35:56","2023-09-16 12:09:23",NULL,NULL,"N","N",NULL,"N","N",NULL,"N","N"
"246","248","Banner","c8b7acd472b90cf9d27b276fe1a92d6a.jpeg","N","Y","N","Y","N","A","primary",NULL,,"2023-09-16 09:12:51","2023-09-16 12:09:55",NULL,NULL,"N","N",NULL,"N","N",NULL,"N","N"
"247","249","Banner","9747bd247a7f1ea56d8c6f66a753a43b.jpg","Y","Y","Y","Y","N","A","primary",NULL,,"2023-09-21 19:44:04","2023-09-21 20:09:45",NULL,NULL,"N","N",NULL,"N","N",NULL,"N","N"
"248","250","Banner","cccb39c59162e75b03b0b7b3dc3d8f86.jpg","N","Y","Y","Y","N","A","primary",NULL,,"2023-09-24 11:18:30","2025-03-25 17:03:56",NULL,,"N","Y","Equip yourself with a comprehensive understanding of global data protection rules, cater to international clientele, and achieve a monthly income of USD 1000-3000 within six months.","Y","Y","+91 80474 86192","Y","Y"
"249","251","Banner","e5a2ec44666c16e58a0e1495bbaf0735.jpeg","Y","Y","Y","Y","N","A","primary",NULL,,"2023-09-24 12:35:49","2023-09-24 12:09:25",NULL,NULL,"N","N",NULL,"N","N",NULL,"N","N"
"250","252","Banner","04cba6c84d83f9af76d5824fab2e7b34.jpeg","N","Y","N","Y","N","A","primary",NULL,,"2023-10-11 18:58:35","2023-10-11 19:10:38",NULL,NULL,"N","N",NULL,"N","N",NULL,"N","N"
"251","253","Banner","0f38ba26a14cbd9e884c38ca01e2843b.jpeg","N","Y","N","Y","N","A","primary",NULL,,"2023-10-13 14:20:51","2023-10-13 16:10:15",NULL,NULL,"N","N",NULL,"N","N",NULL,"N","N"
"252","254","Banner","1bb89e70e5e141ca0d63b86bd21093b2.jpg","N","Y","N","Y","N","A","primary",NULL,,"2023-11-07 12:52:47","2023-11-07 16:11:44",NULL,NULL,"N","N",NULL,"N","N",NULL,"N","N"
"253","255","Banner","c96795092a6717d9e542084e8191a12c.png","N","Y","N","Y","N","A","primary",NULL,,"2023-11-10 20:49:24","2023-11-10 22:11:34",NULL,NULL,"N","N",NULL,"N","N",NULL,"N","N"
"254","256","Banner","e62b322f295b16fecccda4cb9f342191.jpeg","N","Y","N","Y","N","A","primary",NULL,,"2023-12-01 15:02:34","2023-12-01 15:12:20",NULL,NULL,"N","N",NULL,"N","N",NULL,"N","N"
"255","257","Banner","c316e06b41a0b111c9f261e6d8b90254.jpg","N","Y","N","Y","N","A","primary",NULL,,"2023-12-05 22:04:26","2023-12-05 22:12:09",NULL,,"N","N",,"N","N",,"N","N"
"256","258","Banner","eaeeb13577775c771d8ea4c5ea5013a7.jpg","N","Y","N","Y","N","A","primary",NULL,,"2023-12-10 18:16:33","2023-12-11 09:12:50",NULL,,"N","N",,"N","N",,"N","N"
"257","259","Banner","06972c598e24458db32ecdffd54d7a6c.jpeg","N","Y","N","Y","N","A","primary",NULL,,"2023-12-19 10:37:52","2023-12-19 12:12:17",NULL,,"N","N",,"N","N",,"N","N"
"258","260","Banner","71e325fc812d869175298900b312e9e5.jpg","Y","Y","Y","Y","N","A","primary",NULL,,"2024-01-06 12:34:44","2024-11-01 12:11:16",NULL,,"N","N",,"N","N","+91 80474 86192","N","N"
"259","261","Banner","1845798cf75bfa382fd1c740e0321fee.jpeg","N","Y","N","Y","N","A","primary",NULL,,"2024-01-17 15:14:31","2024-01-17 15:01:44",NULL,,"N","N",,"N","N",,"N","N"
"260","262","Banner","c1518af2d277e0f8d682048c3b49f19e.jpeg","N","Y","N","Y","N","A","primary",NULL,,"2024-01-27 16:17:37","2024-01-27 17:01:28",NULL,,"N","N",,"N","N",,"N","N"
"261","263","Banner","cd92bfaa2066c206f50281e4042d72ad.jpeg","N","Y","N","Y","N","A","primary",NULL,,"2024-01-27 17:40:54","2024-01-27 23:01:22",NULL,,"N","N",,"N","N",,"N","N"
"262","264","Banner","0c677cbefcdadb34c0df3a5d362465bd.jpg","Y","Y","Y","Y","N","A","primary",NULL,,"2024-02-03 16:58:38","2024-05-20 19:05:14",NULL,,"N","N",,"N","N",,"N","N"
"263","265","Banner","cba48d42c6ec4e3b5413c774002f7ad9.jpeg","N","Y","N","Y","N","A","primary",NULL,,"2024-02-05 16:12:50","2024-02-05 16:02:25",NULL,,"N","N",,"N","N",,"N","N"
"264","266","Banner","25bd0e4fe22762709d10abe0933cb982.jpeg","N","Y","N","Y","N","A","primary",NULL,,"2024-02-09 16:58:35","2024-02-09 17:02:02",NULL,,"N","N",,"N","N",,"N","N"
"265","267","Banner","7cd8244fcc934252540243c1d659fc16.jpeg","N","Y","N","Y","N","A","primary",NULL,,"2024-02-21 20:29:02","2024-02-23 11:02:33",NULL,,"N","N",,"N","N",,"N","N"
"266","268","Banner","ab6abcca9f01e0794ddc15678f9bcf67.jpg","Y","Y","Y","Y","N","A","primary",NULL,,"2024-03-01 20:01:20","2025-06-10 18:06:05",NULL,"3000+  Learners Enrolled","N","Y",,"N","Y","+91 98186 78383 ","Y","Y"
"267","269","Banner","e9cc626f56e127ad816c6de20f82ef9a.png","N","Y","Y","Y","Y","A","primary",NULL,,"2024-03-08 19:38:48","2024-11-01 12:11:44",NULL,,"N","Y",,"N","Y","+91 80474 86192","Y","Y"
"268","270","Banner",NULL,"N","N","N","N","Y","A",NULL,NULL,NULL,"2024-03-11 11:44:37",NULL,NULL,NULL,"N","N",NULL,"N","N",NULL,"N","N"
"269","271","Banner","c19e37068c80c37ddf1465418694517b.jpeg","N","Y","N","Y","N","A","primary",NULL,,"2024-03-12 22:22:39","2024-03-13 19:03:12",NULL,,"N","N",,"N","N",,"N","N"
"270","272","Banner","84a78646a61910535483e70eee6b56a2.jpg","Y","Y","N","Y","N","A","primary",NULL,,"2024-03-20 17:20:32","2024-03-20 17:03:01",NULL,,"N","N",,"N","N",,"N","N"
"271","273","Banner","fc8c8bd334f18f688638c47322c4c039.jpg","Y","Y","Y","Y","N","A","primary",NULL,,"2024-03-22 14:20:07","2024-03-22 15:03:07",NULL,,"N","N",,"N","N",,"N","N"
"272","274","Banner","42f80af1dfafa26ad17d730451a98c68.jpeg","N","Y","N","Y","N","A","primary",NULL,,"2024-03-22 18:34:22","2024-03-22 19:03:12",NULL,,"N","N",,"N","N",,"N","N"
"273","275","Banner","5374b634533685df78b395041e666318.jpeg","N","Y","N","Y","N","A","primary",NULL,,"2024-03-29 17:25:30","2024-03-29 17:03:50",NULL,,"N","N",,"N","N",,"N","N"
"274","276","Banner","7f6377b90bed3098c375fdc4f63a1e56.jpeg","N","Y","N","Y","N","A","primary",NULL,,"2024-03-29 22:36:09","2024-03-29 23:03:49",NULL,,"N","N",,"N","N",,"N","N"
"275","277","Banner",NULL,"N","N","N","N","Y","A",NULL,NULL,NULL,"2024-04-12 20:26:18",NULL,NULL,NULL,"N","N",NULL,"N","N",NULL,"N","N"
"276","278","Banner","776a6332289684e33270a4979dad386d.jpeg","N","Y","N","Y","N","A","primary",NULL,,"2024-04-17 17:42:01","2024-04-17 17:04:47",NULL,,"N","N",,"N","N",,"N","N"
"277","279","Banner","825a7f0564d2d7388e10133f94546fdd.jpeg","N","Y","N","Y","N","A","primary",NULL,,"2024-04-29 12:08:36","2024-04-29 13:04:28",NULL,,"N","N",,"N","N",,"N","N"
"278","280","Banner","8e662fca4e6ab796dbedd1617cbd660c.jpeg","N","Y","N","Y","N","A","primary",NULL,,"2024-04-29 20:26:39","2024-04-29 21:04:43",NULL,,"N","N",,"N","N",,"N","N"
"279","281","Banner","59acc9d32ffe9e62871713ec1ea7a002.jpeg","N","Y","N","Y","N","A","primary",NULL,,"2024-05-03 13:01:27","2024-05-03 13:05:11",NULL,,"N","N",,"N","N",,"N","N"
"280","282","Banner","8a455d3e821ac3b10623d767dc1df801.jpg","Y","Y","Y","Y","N","A","primary",NULL,,"2024-05-03 16:00:58","2024-05-03 17:05:26",NULL,,"N","N",,"N","N",,"N","N"
"281","283","Banner","cacbc7c1920889c8d3b9b2fce939b519.jpeg","N","Y","Y","Y","Y","A","primary",NULL,,"2024-05-08 12:33:17","2024-11-01 12:11:16",NULL,,"N","Y",,"N","Y","+91 80474 86192","Y","Y"
"282","284","Banner","fa01382e6448433e654df41dc0ced397.jpeg","N","Y","N","Y","N","A","primary",NULL,,"2024-05-16 23:42:33","2024-05-17 17:05:53",NULL,,"N","N",,"N","N",,"N","N"
"283","285","Banner","1847a588fc465df2abbf24b86ae76520.jpeg","N","Y","N","Y","N","A","primary",NULL,,"2024-05-23 23:08:32","2024-05-23 23:05:59",NULL,,"N","N",,"N","N",,"N","N"
"284","286","Banner","d58b668eac260b1542d6dbe519aaf35f.jpeg","N","Y","N","Y","N","A","primary",NULL,,"2024-06-03 20:02:46","2024-06-03 20:06:35",NULL,,"N","N",,"N","N",,"N","N"
"285","287","Banner","cc94e1989e0f0bfd9c865b6855767a24.jpg","Y","Y","N","Y","N","A","primary",NULL,,"2024-06-15 15:34:21","2024-06-15 15:06:18",NULL,,"N","N",,"N","N",,"N","N"
"286","288","Banner","c6239c0d63a8ca3d2d0f2dddaf79de2a.jpeg","N","Y","N","Y","N","A","primary",NULL,,"2024-06-17 12:21:14","2024-06-17 13:06:58",NULL,,"N","N",,"N","N",,"N","N"
"287","289","Banner","2d3c4183ef2c6b2d91c47a9627555695.jpg","Y","Y","N","Y","N","A","primary",NULL,,"2024-06-21 16:46:41","2025-03-27 20:03:51",NULL,,"N","N",,"N","N",,"N","N"
"288","290","Banner","3045cebc2a8f856aa03513492e538a8e.jpg","Y","Y","N","Y","N","A","primary",NULL,,"2024-06-23 13:16:17","2025-03-28 16:03:51",NULL,,"N","N",,"N","N",,"Y","N"
"289","291","Banner","dd1bf6a279bb5b2d12b0bb95c71da598.png","N","Y","N","Y","N","A","primary",NULL,,"2024-06-26 16:10:37","2024-06-26 16:06:23",NULL,,"N","N",,"N","N",,"N","N"
"290","292","Banner","9e45fbd26c03575ed3e64d18ec75ea92.jpeg","N","Y","N","Y","N","A","primary",NULL,,"2024-07-09 12:49:24","2024-07-09 13:07:34",NULL,,"N","N",,"N","N",,"N","N"
"291","293","Banner","2abb479dfb5ea887ca461635544076f0.jpeg","N","Y","N","Y","N","A","primary",NULL,,"2024-07-09 13:17:14","2024-07-09 13:07:50",NULL,,"N","N",,"N","N",,"N","N"
"292","294","Banner","7c625d63f882af28cb70bf93bed60f2c.jpeg","N","Y","N","Y","N","A","primary",NULL,,"2024-08-01 22:33:38","2024-08-01 23:08:36",NULL,,"N","N",,"N","N",,"N","N"
"293","295","Banner","5ecfacb0e14b1d8010b69ffcbbb6bdec.png","N","Y","N","Y","N","A","primary",NULL,,"2024-08-10 14:02:58","2024-08-10 15:08:13",NULL,,"N","N",,"N","N",,"N","N"
"294","296","Banner","66d322ca06236a39b92ae8a199c08e6b.jpg","Y","Y","N","Y","N","A","primary",NULL,,"2024-08-10 14:47:31","2024-08-10 15:08:08",NULL,,"N","N",,"N","N",,"N","N"
"295","297","Banner","11081c2f4d654d897727f772e20ff296.jpg","N","Y","N","Y","N","A","primary",NULL,,"2024-08-10 15:58:19","2024-08-10 16:08:52",NULL,,"N","N",,"N","N",,"N","N"
"296","298","Banner","1d08a38966e148ca8e72848d94d4a489.jpg","N","Y","N","Y","N","A","primary",NULL,,"2024-08-10 20:13:12","2024-08-10 21:08:12",NULL,,"N","N",,"N","N",,"N","N"
"297","299","Banner","f785106d86d820ac72aeb3d5c248ea34.jpg","Y","Y","Y","Y","Y","A","primary",NULL,,"2024-08-23 12:58:51","2024-08-23 13:08:45",NULL,,"N","N",,"N","N",,"N","N"
"298","300","Banner","2efe4b81e75c764f07870d9f4715deaf.jpg","Y","Y","N","Y","Y","A","primary",NULL,,"2024-08-23 14:39:47","2024-08-23 16:08:51",NULL,,"N","N",,"N","N",,"N","N"
"299","301","Banner","57dc51dc15c159ac009e816ca1899c8e.jpg","Y","Y","N","Y","N","A","primary",NULL,,"2024-08-23 20:27:50","2024-08-23 21:08:12",NULL,,"N","N",,"N","N",,"N","N"
"300","302","Banner","0b484a4e98a36ca09263fb1c44684802.jpg","Y","Y","N","Y","N","A","primary",NULL,,"2024-08-25 14:20:05","2024-08-25 14:08:07",NULL,,"N","N",,"N","N",,"N","N"
"301","303","Banner","45317286490800800f3f8d2f30a7196f.jpeg","N","Y","N","Y","N","A","primary",NULL,,"2024-09-14 00:30:48","2024-09-14 00:09:50",NULL,,"N","N",,"N","N",,"N","N"
"302","304","Banner","6cb3c9eb66ea959fbc6eed0e84303a9f.jpeg","Y","Y","N","Y","N","A","primary",NULL,,"2024-09-29 14:57:50","2024-09-30 18:09:58",NULL,,"N","N",,"N","N",,"N","N"
"303","305","Banner","bc43291e50f29aff75ec4bc42177f96f.jpg","N","Y","N","Y","N","A","primary",NULL,,"2024-10-10 19:47:37","2024-10-10 20:10:21",NULL,,"N","N",,"N","N",,"N","N"
"304","306","Banner","5e8d31cb6de7aa2b06a66f24361c86b4.jpg","N","Y","N","Y","N","A","primary",NULL,,"2024-10-11 16:42:56","2024-10-11 16:10:16",NULL,,"N","N",,"N","N",,"N","N"
"305","307","Banner","5e70783afbf27de27431c99691a6fd8b.jpg","Y","Y","Y","Y","N","A","primary",NULL,,"2024-10-20 15:17:38","2025-11-13 17:11:02",NULL,,"N","N",,"N","N",,"N","N"
"306","308","Banner","3a409fd39ff1415b8684c28777655410.png","N","Y","N","Y","N","A","primary",NULL,,"2024-11-05 09:23:41","2024-11-05 21:11:25",NULL,,"N","N",,"N","N",,"N","N"
"307","309","Banner","7fc1cb105d539782e841a4cf431754f4.jpg","N","Y","N","Y","N","A","primary",NULL,,"2024-11-12 12:16:52","2024-11-12 12:11:10",NULL,,"N","N",,"N","N",,"N","N"
"308","310","Banner","19fdf1c80f8b876ac549773826b24540.jpg","N","Y","N","Y","N","A","primary",NULL,,"2024-11-13 21:35:51","2024-11-13 22:11:26",NULL,,"N","N",,"N","N",,"N","N"
"309","311","Banner","a61afc94d2fcb238041c5236126f7549.jpeg","N","Y","N","Y","N","A","primary",NULL,,"2024-11-13 22:24:18","2024-11-13 23:11:00",NULL,,"N","N",,"N","N",,"N","N"
"310","312","Banner","52407492c51a6d11e45b5c6b30dd0e6c.jpg","N","Y","N","Y","N","A","primary",NULL,,"2024-12-12 11:12:00","2024-12-12 11:12:15",NULL,,"N","N",,"N","N",,"N","N"
"311","313","Banner","7a6b4c492d72c150c798d2cc64def62d.jpg","N","Y","N","Y","N","A","primary",NULL,,"2024-12-19 17:31:12","2024-12-19 17:12:00",NULL,,"N","N",,"N","N",,"N","N"
"312","314","Banner","46add78eb56f5f86ae1ab5e1aae44f06.jpg","Y","Y","Y","Y","Y","A","primary",NULL,,"2025-01-03 22:41:33","2026-03-05 12:03:06",NULL,,"N","N",,"N","N",,"N","N"
"313","315","Banner","7f7034152a801dc5a6b76ad11ad6c7b5.jpg","Y","Y","Y","Y","N","A","primary",NULL,,"2025-01-03 22:44:35","2025-01-03 23:01:21",NULL,,"N","N",,"N","N",,"N","N"
"314","316","Banner","752d274552fe359fbe479f219c9668c9.jpg","Y","Y","N","Y","N","A","primary",NULL,,"2025-01-18 14:33:09","2025-11-13 17:11:05",NULL,,"N","N",,"N","N",,"N","N"
"315","317","Banner","51972ad032c62f9734aec462d4c357a7.jpeg","N","Y","N","Y","N","A","primary",NULL,,"2025-01-21 11:07:08","2025-01-21 12:01:32",NULL,,"N","N",,"N","N",,"N","N"
"316","318","Banner","f07db9b6cf3328ca62a868e8dc4a1e3c.jpg","N","Y","N","Y","N","A","primary",NULL,,"2025-01-27 12:18:42","2025-01-27 13:01:29",NULL,,"N","N",,"N","N",,"N","N"
"317","319","Banner",NULL,"N","N","N","N","Y","A",NULL,NULL,NULL,"2025-01-29 12:44:15",NULL,NULL,NULL,"N","N",NULL,"N","N",NULL,"N","N"
"318","320","Banner","a2d84721a5ac7247595bb1ac0393fa49.jpg","N","Y","N","Y","N","A","primary",NULL,,"2025-01-29 13:33:01","2025-01-29 13:01:56",NULL,,"N","N",,"N","N",,"N","N"
"319","321","Banner","091c96687ed019986babd33aa8ba293a.jpg","N","Y","N","Y","N","A","primary",NULL,,"2025-01-31 23:36:11","2025-02-01 00:02:34",NULL,,"N","N",,"N","N",,"N","N"
"320","322","Banner",NULL,"N","N","N","N","Y","A",NULL,NULL,NULL,"2025-02-10 16:21:24",NULL,NULL,NULL,"N","N",NULL,"N","N",NULL,"N","N"
"321","323","Banner","1ff75628219fe2ad267e05d8c6c2b0b0.jpeg","N","Y","N","Y","N","A","primary",NULL,,"2025-02-10 16:40:22","2025-02-10 16:02:10",NULL,,"N","N",,"N","N",,"N","N"
"322","324","Banner","50c49a1c1f4ab532f8db232425ecc443.jpg","N","Y","N","Y","N","A","primary",NULL,,"2025-02-14 15:07:21","2025-02-14 15:02:16",NULL,,"N","N",,"N","N",,"N","N"
"323","325","Banner","9e0b2ba1956fc33c4f67b62194aed867.jpg","N","Y","N","Y","N","A","primary",NULL,,"2025-02-14 16:07:34","2025-02-14 17:02:13",NULL,,"N","N",,"N","N",,"N","N"
"324","326","Banner","699a96ffcba0ac4728e62ecd468bfc07.jpg","N","Y","N","Y","N","A","primary",NULL,,"2025-02-18 20:41:35","2025-02-18 21:02:51",NULL,,"N","N",,"N","N",,"N","N"
"325","327","Banner","efcb65688b5e4c0673cfa308aca084e3.jpg","N","Y","N","Y","N","A","primary",NULL,,"2025-02-19 11:19:46","2025-02-19 11:02:15",NULL,,"N","N",,"N","N",,"N","N"
"326","328","Banner",NULL,"N","N","N","N","Y","A",NULL,NULL,NULL,"2025-02-21 14:49:32",NULL,NULL,NULL,"N","N",NULL,"N","N",NULL,"N","N"
"327","329","Banner","6d1be37986f75bccf9d14ae27c5408b0.jpg","Y","Y","Y","Y","N","A","primary",NULL,,"2025-02-24 16:16:21","2025-02-24 17:02:21",NULL,,"N","N",,"N","N",,"N","N"
"328","330","Banner",NULL,"N","N","N","N","Y","A",NULL,NULL,NULL,"2025-03-03 11:30:50",NULL,NULL,NULL,"N","N",NULL,"N","N",NULL,"N","N"
"329","331","Banner","052d095b0d273d654fedd13815af1910.jpg","N","Y","N","Y","N","A","primary",NULL,,"2025-03-03 12:27:18","2025-03-03 17:03:59",NULL,,"N","N",,"N","N",,"N","N"
"330","332","Banner","9c6bd434c72473d6cb4616d2939bf021.jpg","N","Y","N","Y","N","A","primary",NULL,,"2025-03-05 10:43:49","2025-03-05 21:03:22",NULL,,"N","N",,"N","N",,"N","N"
"331","333","Banner","345a93bd3a87862ee3edcee057659ff0.jpg","N","Y","N","Y","N","A","primary",NULL,,"2025-03-05 11:29:39","2025-03-05 21:03:16",NULL,,"N","N",,"N","N",,"N","N"
"332","334","Banner",NULL,"N","N","N","N","Y","A",NULL,NULL,NULL,"2025-03-18 18:49:06",NULL,NULL,NULL,"N","N",NULL,"N","N",NULL,"N","N"
"333","335","Banner","fa62e56941b3c52cb848437ee180237a.jpg","Y","Y","N","Y","N","A","primary",NULL,,"2025-03-18 18:54:13","2025-03-18 19:03:53",NULL,,"N","N",,"N","N",,"N","N"
"334","336","Banner","2a88b4aff71ecd11b722165d9cf82cfa.jpg","Y","Y","N","Y","N","A","primary",NULL,,"2025-04-21 16:45:31","2025-08-14 19:08:33",NULL,,"N","N","The Refund Policy is not applicable for this course","Y","N",,"N","N"
"335","337","Banner","ee40e3ee98fcafabeabd036989610af5.jpg","N","Y","N","Y","N","A","primary",NULL,,"2025-04-30 19:23:38","2025-05-01 13:05:18",NULL,,"N","N",,"N","N",,"N","Y"
"336","338","Banner","78daa41e78eef3635902ccb7cb95ec68.jpeg","N","Y","N","Y","N","A","primary",NULL,,"2025-04-30 22:39:59","2025-05-01 13:05:36",NULL,,"N","N",,"N","N",,"N","Y"
"337","339","Banner","cb8403551001647cc08c6b2b0c636fa9.jpg","N","Y","N","Y","N","A","primary",NULL,,"2025-05-12 13:27:47","2025-05-15 18:05:20",NULL,,"N","N",,"N","N",,"N","Y"
"338","340","Banner","c19f05b1af9ec89120f8cb938f7e8177.jpg","N","Y","N","Y","N","A","primary",NULL,,"2025-05-15 14:51:34","2025-05-15 15:05:39",NULL,,"N","N",,"N","N",,"N","N"
"339","341","Banner","67364589e392e5c63a4574e7a2ed45b0.jpg","N","Y","N","Y","N","A","primary",NULL,,"2025-06-19 11:09:46","2025-06-19 11:06:29",NULL,,"N","N",,"N","N",,"N","N"
"340","342","Banner","9f88cc539f5527b1f4491006dd224013.jpg","N","Y","N","Y","N","A","primary",NULL,,"2025-06-20 14:02:49","2025-06-23 13:06:09",NULL,,"N","N",,"N","N",,"N","N"
"341","343","Banner","ab9c7e106ac61d47002bef46db334d62.jpg","N","Y","N","Y","N","A","primary",NULL,,"2025-06-26 19:09:31","2025-06-26 22:06:11",NULL,,"N","N",,"N","N",,"N","N"
"342","344","Banner","260bee0697d923dd3e7eebc51c2f987c.jpeg","N","Y","N","Y","N","A","primary",NULL,,"2025-06-30 20:56:56","2025-06-30 21:06:55",NULL,,"N","N",,"N","N",,"N","N"
"343","345","Banner","26cfa655d91461c9a5a81743f7fe0624.jpg","N","Y","N","Y","N","A","primary",NULL,,"2025-07-07 23:10:45","2025-07-07 23:07:01",NULL,,"N","N",,"N","N",,"N","N"
"344","346","Banner","426b7434427136a2b71129fd14bc834e.jpg","N","Y","N","Y","N","A","primary",NULL,,"2025-07-14 15:56:43","2025-07-14 16:07:45",NULL,,"N","N",,"N","N",,"N","N"
"345","347","Banner","09bee8c390d537d2e2f74431f63f4dba.jpg","N","Y","N","Y","N","A","primary",NULL,,"2025-07-23 10:42:23","2025-07-23 11:07:44",NULL,,"N","N",,"N","N",,"N","N"
"346","348","Banner","37d901b5b054284c201da1c17eeb4d33.png","Y","Y","Y","Y","N","A","primary",NULL,,"2025-07-27 12:08:01","2026-01-22 14:01:12",NULL,,"N","Y",,"N","N",,"N","N"
"347","349","Banner","00e5b0770da58c2b59f017e0f8eef765.jpg","N","Y","N","Y","N","A","primary",NULL,,"2025-07-29 14:42:17","2025-07-29 17:07:06",NULL,,"N","N",,"N","N",,"N","N"
"348","350","Banner","778552d26382bc6463c1092f5d2d711b.jpg","N","Y","N","Y","N","A","primary",NULL,,"2025-07-31 23:31:24","2025-08-01 00:08:02",NULL,,"N","N",,"N","N",,"N","N"
"349","351","Banner","a0a1ac4b808820aa2103515dd49bf6a5.jpg","N","Y","N","Y","N","A","primary",NULL,,"2025-08-20 15:53:51","2025-08-20 16:08:09",NULL,,"N","N",,"N","N",,"N","N"
"350","352","Banner","1c452560d6726e613ca5bed2769c248e.jpg","N","Y","N","Y","N","A","primary",NULL,,"2025-08-31 13:13:56","2025-08-31 13:08:30",NULL,,"N","N",,"N","N",,"N","N"
"351","353","Banner","bc221357356425dbf94a85b99bf303e1.jpg","N","Y","N","Y","N","A","primary",NULL,,"2025-09-05 20:19:53","2025-09-05 22:09:15",NULL,,"N","N",,"N","N",,"N","N"
"352","354","Banner","c9772d42810d44afa2cd029945d62b6c.jpg","N","Y","N","Y","N","A","primary",NULL,,"2025-09-06 08:36:48","2025-09-06 08:09:30",NULL,,"N","N",,"N","N",,"N","N"
"353","355","Banner","3a2d16a21b54816d925f367e5abb20b1.jpg","N","Y","N","Y","N","A","primary",NULL,,"2025-09-12 18:41:18","2025-09-12 19:09:57",NULL,,"N","N",,"N","N",,"N","N"
"354","356","Banner","51ec9fe0ab96a5dcc286258fff83e6f9.jpg","N","Y","N","Y","N","A","primary",NULL,,"2025-09-15 18:36:46","2025-09-17 18:09:11",NULL,,"N","N",,"N","N",,"N","N"
"355","357","Banner","79039358da8761e49209bc68ee723f51.jpg","N","Y","N","Y","N","A","primary",NULL,,"2025-09-17 20:54:10","2025-09-17 21:09:48",NULL,,"N","N",,"N","N",,"N","N"
"356","358","Banner","cb07e18135cbbeb84e927751b3b6b252.jpg","N","Y","N","Y","N","A","primary",NULL,,"2025-09-22 17:09:26","2025-09-22 17:09:47",NULL,,"N","N",,"N","N",,"N","N"
"357","359","Banner","bca99c4e8fe95a66f8645ea7f2d2a0ef.jpg","N","Y","N","Y","N","A","primary",NULL,,"2025-10-05 13:35:52","2025-10-05 14:10:12",NULL,,"N","N",,"N","N",,"N","N"
"358","360","Banner","83e01ca1b600677541f5c65d5d57e58e.jpg","N","Y","N","Y","N","A","primary",NULL,,"2025-10-10 12:45:53","2025-10-10 13:10:14",NULL,,"N","N",,"N","N",,"N","N"
"359","361","Banner","df56cdefcb4fdcbde3e73f98eed1e2fc.jpg","N","Y","N","Y","N","A","primary",NULL,,"2025-10-17 10:07:47","2025-10-17 10:10:08",NULL,,"N","N",,"N","N",,"N","N"
"360","362","Banner","c369c805495ec036c19d634eb80f70aa.jpg","N","Y","N","Y","N","A","primary",NULL,,"2025-10-23 22:34:38","2025-10-23 22:10:38",NULL,,"N","N",,"N","N",,"N","N"
"361","363","Banner",NULL,"N","N","N","N","Y","A",NULL,NULL,NULL,"2025-11-02 11:58:36",NULL,NULL,NULL,"N","N",NULL,"N","N",NULL,"N","N"
"362","364","Banner","7d2ce11ded1864774d9cfdeca63a2277.jpg","N","Y","N","Y","N","A","primary",NULL,,"2025-11-02 12:25:15","2025-11-02 12:11:06",NULL,,"N","N",,"N","N",,"N","N"
"363","365","Banner","58ca877729d9f0e73cedd4d6d622ae78.jpg","N","Y","N","Y","N","A","primary",NULL,,"2025-11-02 19:18:10","2025-11-02 20:11:21",NULL,,"N","N",,"N","N",,"N","N"
"364","366","Banner","05bde7bafa603fe2921b7fff7dca43e3.jpg","N","Y","N","Y","N","A","primary",NULL,,"2025-11-02 20:44:35","2025-11-02 21:11:16",NULL,,"N","N",,"N","N",,"N","N"
"365","367","Banner","c10e38535e488cadf9d95ff7db19cf66.jpg","Y","Y","Y","Y","N","A","primary",NULL,"4b5dfa0e102f4543bea908173dee1558.jpg","2025-11-05 15:53:29","2025-11-05 17:11:11",NULL,,"N","N",,"N","N",,"N","N"
"366","368","Banner","13e036cb0fb8232f5ed9f1b1d65317ce.jpg","Y","Y","N","Y","N","A","primary",NULL,"2c8d43ec60e67dd559fc386d5bdc63be.jpg","2025-11-09 16:41:06","2025-11-20 13:11:30",NULL,,"N","N",,"N","N",,"N","N"
"367","369","Banner","42f0d02e03dff2657a388a3e89a3b53f.png","N","Y","N","Y","N","A","primary",NULL,,"2025-11-19 21:51:47","2025-11-22 11:11:49",NULL,,"N","N",,"N","N",,"N","N"
"368","370","Banner","05a981ca6fdb85154c56dfea33a6a879.jpg","Y","Y","Y","Y","N","A","primary",NULL,,"2025-12-04 14:32:29","2025-12-04 17:12:27",NULL,,"N","N",,"N","N",,"N","N"
"369","371","Banner","bd863070be3268619b9645ffe9a26698.jpg","N","Y","N","Y","N","A","primary",NULL,,"2025-12-09 16:14:27","2025-12-09 16:12:05",NULL,,"N","N",,"N","N",,"N","N"
"370","372","Banner","0a851396b5ff5518eccadef8ef2d85f0.jpg","Y","Y","Y","Y","N","A","primary",NULL,,"2025-12-10 18:08:49","2025-12-12 14:12:27",NULL,,"N","N",,"N","N",,"N","N"
"371","373","Banner","0632b619a6cf7721900d243e5e71ab75.jpg","N","Y","N","Y","N","A","primary",NULL,,"2025-12-12 14:26:12","2025-12-12 15:12:57",NULL,,"N","N",,"N","N",,"N","N"
"372","374","Banner","6b34bee474824d7f89821e79cb02d750.jpg","N","Y","N","Y","N","A","primary",NULL,,"2025-12-12 16:32:05","2025-12-12 17:12:46",NULL,,"N","N",,"N","N",,"N","N"
"373","375","Banner","951fa6ba703b455870f86558556a8a7f.jpg","N","Y","N","Y","N","A","primary",NULL,,"2026-01-16 13:30:19","2026-01-16 16:01:11",NULL,,"N","N",,"N","N",,"N","N"
"374","376","Banner","da2f434650056a0ae648e259ea4303d9.jpg","N","Y","N","Y","N","A","primary",NULL,,"2026-01-23 09:58:58","2026-01-23 10:01:48",NULL,,"N","N",,"N","N",,"N","N"
"375","377","Banner","f51d0bea1e57d4fca547e6e379c4f375.jpg","N","Y","N","Y","N","A","primary",NULL,,"2026-01-23 10:36:29","2026-01-23 10:01:19",NULL,,"N","N",,"N","N",,"N","N"
"376","378","Banner","4ab3410f566756e2bcb19825ebc0f3a2.jpg","N","Y","N","Y","N","A","primary",NULL,,"2026-02-06 07:26:28","2026-02-06 11:02:02",NULL,,"N","N",,"N","N",,"N","N"
"377","379","Banner",NULL,"N","N","N","N","Y","A",NULL,NULL,NULL,"2026-02-19 14:45:25",NULL,NULL,NULL,"N","N",NULL,"N","N",NULL,"N","N"
"378","380","Banner","5896f5eafa9fc46fc42e2cdb13fc5053.jpg","N","Y","N","Y","N","A","primary",NULL,,"2026-02-19 15:15:13","2026-02-19 15:02:16",NULL,,"N","N",,"N","N",,"N","N"
"379","381","Banner","3d02bf7af87786f8cfb90d5975b28e80.png","N","Y","N","Y","N","A","primary",NULL,,"2026-02-23 13:40:24","2026-02-23 13:02:21",NULL,,"N","N",,"N","N",,"N","N"
"380","382","Banner","1366bb850387801eb8fa7ee1dbcb5ad5.jpg","N","Y","N","Y","N","A","primary",NULL,,"2026-04-09 10:02:21","2026-04-09 10:04:55",NULL,,"N","N",,"N","N",,"N","N"
"381","383","Banner","6a5acfbe996965c4272193a519291e11.jpg","N","Y","N","Y","N","A","primary",NULL,,"2026-04-09 10:51:43","2026-04-09 12:04:30",NULL,,"N","N",,"N","N",,"N","N"
"382","384","Banner","0c6d53b12ff0dcd03d7afc026d7eed42.jpg","N","Y","N","Y","N","A","primary",NULL,,"2026-05-06 15:08:43","2026-05-06 15:05:13",NULL,,"N","N",,"N","N",,"N","N"
"383","385","Banner","a9a8e4e5a83711c7920141106a85a811.jpeg","N","Y","N","Y","N","A","primary",NULL,,"2026-05-06 18:34:46","2026-05-06 19:05:15",NULL,,"N","N",,"N","N",,"N","N"
"384","386","Banner","6354e678bf8bb740962aa7f090cdf3f6.jpg","N","Y","N","Y","N","A","primary",NULL,,"2026-05-14 18:39:08","2026-05-14 20:05:50",NULL,,"N","N",,"N","N",,"N","N"
"385","387","Banner","dca6560c156b7fff8330b6fd91ba594d.jpeg","N","Y","N","Y","N","A","primary",NULL,,"2026-05-26 01:04:41","2026-05-26 01:05:23",NULL,,"N","N",,"N","N",,"N","N"
"386","388","Banner","2ed78b40329d7dfdc8f470a7b579b532.jpeg","N","Y","N","Y","N","A","primary",NULL,,"2026-06-04 16:49:15","2026-06-04 17:06:42",NULL,,"N","N",,"N","N",,"N","N"
"387","389","Banner","7cad86dad3b00ffd6182011e7baf7e3c.png","N","Y","N","Y","N","A","primary",NULL,,"2026-06-09 15:57:17","2026-06-09 16:06:36",NULL,,"N","N",,"N","N",,"N","N"
"388","390","Banner",,"Y","N","N","N","Y","A","primary",NULL,,"2026-06-13 10:46:03","2026-06-13 11:06:02",NULL,,"N","N",,"N","N",,"N","N"
"389","391","Banner","23b0a3edf20a72aedc358927423c1477.jpg","Y","Y","Y","Y","N","A","primary",NULL,"c6386dcd94a6389cb7bdbc8889371d85.jpg","2026-06-13 11:24:15","2026-06-15 18:06:54",NULL,,"N","N",,"N","N",,"N","Y"
"390","392","Banner","c642b65f6185e1e5f5cc8df78213bd98.jpeg","N","Y","N","Y","N","A","primary",NULL,,"2026-06-17 11:03:07","2026-06-17 12:06:53",NULL,,"N","N",,"N","N",,"N","N"
"391","393","Banner",NULL,"N","N","N","N","Y","A",NULL,NULL,NULL,"2026-06-20 14:55:49",NULL,NULL,NULL,"N","N",NULL,"N","N",NULL,"N","N"
"392","394","Banner","d723a4b42e9fe8449af70d19cd08bcae.png","N","Y","N","Y","N","A","primary",NULL,,"2026-06-23 23:33:50","2026-06-23 23:06:36",NULL,,"N","N",,"N","N",,"N","N"
"393","395","Banner","7d8d1a26bb06a9d769fa64cb6ecc987b.png","N","Y","N","Y","N","A","primary",NULL,,"2026-06-25 19:22:12","2026-06-26 18:06:48",NULL,,"N","N",,"N","N",,"N","N"
