"id","course_academia_panel_id","course_id","academia_panel_id","position","status","added_date","modified_date"
"1","1","1","1",NULL,"A","1571301522",NULL
"2","1","1","2",NULL,"A","1571301522",NULL
"3","1","1","3",NULL,"A","1571301522",NULL
"4","1","1","4",NULL,"A","1571301522",NULL
"6","2","2","1",NULL,"A","1571473239",NULL
"7","2","2","5",NULL,"A","1571473239",NULL
"8","3","3","6",NULL,"A","1571660883",NULL
"18","5","5","1",NULL,"A","1571672935",NULL
"19","5","5","2",NULL,"A","1571672935",NULL
"20","5","5","3",NULL,"A","1571672935",NULL
"21","5","5","4",NULL,"A","1571672935",NULL
"22","5","5","7",NULL,"A","1571672935",NULL
"23","5","5","8",NULL,"A","1571672935",NULL
"24","5","5","9",NULL,"A","1571672935",NULL
"25","5","5","10",NULL,"A","1571672935",NULL
"26","5","5","11",NULL,"A","1571672935",NULL
"27","5","5","12",NULL,"A","1571672935",NULL
"28","5","5","15",NULL,"A","1571672935",NULL
"29","5","5","16",NULL,"A","1571672935",NULL
"30","5","5","17",NULL,"A","1571672935",NULL
"31","5","5","18",NULL,"A","1571672935",NULL
"44","8","8","1",NULL,"A","1571733658",NULL
"45","8","8","9",NULL,"A","1571733658",NULL
"46","8","8","10",NULL,"A","1571733658",NULL
"47","8","8","13",NULL,"A","1571733658",NULL
"48","8","8","19",NULL,"A","1571733658",NULL
"49","8","8","22",NULL,"A","1571733658",NULL
"50","8","8","23",NULL,"A","1571733658",NULL
"51","9","10","1",NULL,"A","1571740564",NULL
"52","9","10","24",NULL,"A","1571740564",NULL
"53","9","10","25",NULL,"A","1571740564",NULL
"54","9","10","26",NULL,"A","1571740564",NULL
"55","10","11","1",NULL,"A","1571742392",NULL
"66","13","12","30",NULL,"A","1571748247",NULL
"67","13","12","33",NULL,"A","1571748247",NULL
"68","13","12","34",NULL,"A","1571748247",NULL
"69","13","12","35",NULL,"A","1571748247",NULL
"70","13","12","36",NULL,"A","1571748247",NULL
"71","13","12","37",NULL,"A","1571748247",NULL
"72","14","14","1",NULL,"A","1571750494",NULL
"73","14","14","38",NULL,"A","1571750494",NULL
"74","14","14","39",NULL,"A","1571750494",NULL
"75","14","14","40",NULL,"A","1571750494",NULL
"98","18","18","1",NULL,"A","1571815094",NULL
"99","18","18","19",NULL,"A","1571815094",NULL
"100","18","18","22",NULL,"A","1571815094",NULL
"101","18","18","51",NULL,"A","1571815094",NULL
"102","18","18","52",NULL,"A","1571815094",NULL
"103","18","18","53",NULL,"A","1571815094",NULL
"114","22","23","1",NULL,"A","1571827589",NULL
"115","22","23","6",NULL,"A","1571827589",NULL
"116","22","23","7",NULL,"A","1571827589",NULL
"117","22","23","8",NULL,"A","1571827589",NULL
"118","22","23","10",NULL,"A","1571827589",NULL
"119","22","23","11",NULL,"A","1571827589",NULL
"120","22","23","12",NULL,"A","1571827589",NULL
"121","22","23","13",NULL,"A","1571827589",NULL
"122","22","23","14",NULL,"A","1571827589",NULL
"123","22","23","55",NULL,"A","1571827589",NULL
"124","22","23","61",NULL,"A","1571827589",NULL
"150","27","26","41",NULL,"A","1571996319",NULL
"151","27","26","63",NULL,"A","1571996319",NULL
"154","28","27","1",NULL,"A","1573563587",NULL
"155","28","27","9",NULL,"A","1573563587",NULL
"156","28","27","64",NULL,"A","1573563587",NULL
"161","29","28","1",NULL,"A","1573568049",NULL
"162","29","28","7",NULL,"A","1573568049",NULL
"163","29","28","8",NULL,"A","1573568049",NULL
"164","29","28","9",NULL,"A","1573568049",NULL
"165","29","28","10",NULL,"A","1573568049",NULL
"166","29","28","12",NULL,"A","1573568049",NULL
"167","29","28","13",NULL,"A","1573568049",NULL
"168","29","28","14",NULL,"A","1573568049",NULL
"172","31","30","1",NULL,"A","1573585496",NULL
"173","31","30","4",NULL,"A","1573585496",NULL
"174","31","30","10",NULL,"A","1573585496",NULL
"175","31","30","18",NULL,"A","1573585496",NULL
"176","31","30","23",NULL,"A","1573585496",NULL
"177","32","31","1",NULL,"A","1573591792",NULL
"178","32","31","9",NULL,"A","1573591792",NULL
"179","33","32","4",NULL,"A","1573638663",NULL
"180","33","32","65",NULL,"A","1573638663",NULL
"181","34","33","1",NULL,"A","1573640595",NULL
"182","34","33","23",NULL,"A","1573640595",NULL
"183","34","33","31",NULL,"A","1573640595",NULL
"184","34","33","32",NULL,"A","1573640595",NULL
"185","35","34","1",NULL,"A","1573670121",NULL
"186","35","34","9",NULL,"A","1573670121",NULL
"187","35","34","23",NULL,"A","1573670121",NULL
"188","36","35","1",NULL,"A","1573672163",NULL
"189","36","35","23",NULL,"A","1573672163",NULL
"190","36","35","30",NULL,"A","1573672163",NULL
"191","37","36","1",NULL,"A","1573674223",NULL
"192","37","36","66",NULL,"A","1573674223",NULL
"193","38","37","67",NULL,"A","1573678206",NULL
"194","38","37","68",NULL,"A","1573678206",NULL
"195","39","38","1",NULL,"A","1573680524",NULL
"196","39","38","10",NULL,"A","1573680524",NULL
"197","39","38","23",NULL,"A","1573680524",NULL
"198","39","38","69",NULL,"A","1573680524",NULL
"207","41","40","1",NULL,"A","1573759364",NULL
"208","41","40","23",NULL,"A","1573759364",NULL
"209","41","40","31",NULL,"A","1573759364",NULL
"210","41","40","32",NULL,"A","1573759364",NULL
"211","41","40","70",NULL,"A","1573759364",NULL
"212","42","41","1",NULL,"A","1573760914",NULL
"213","42","41","9",NULL,"A","1573760914",NULL
"214","42","41","20",NULL,"A","1573760914",NULL
"219","43","42","1",NULL,"A","1573766941",NULL
"220","43","42","9",NULL,"A","1573766941",NULL
"221","43","42","13",NULL,"A","1573766941",NULL
"222","43","42","62",NULL,"A","1573766941",NULL
"223","43","42","71",NULL,"A","1573766941",NULL
"230","44","62","1",NULL,"A","1574361867",NULL
"231","44","62","10",NULL,"A","1574361867",NULL
"232","44","62","23",NULL,"A","1574361867",NULL
"242","45","68","1",NULL,"A","1575972986",NULL
"243","45","68","9",NULL,"A","1575972986",NULL
"273","48","75","75",NULL,"A","1586361931",NULL
"274","48","75","76",NULL,"A","1586361931",NULL
"275","48","75","77",NULL,"A","1586361931",NULL
"276","48","75","79",NULL,"A","1586361931",NULL
"330","6","6","1",NULL,"A","1587473922",NULL
"331","6","6","7",NULL,"A","1587473922",NULL
"332","6","6","8",NULL,"A","1587473922",NULL
"333","6","6","9",NULL,"A","1587473922",NULL
"334","6","6","19",NULL,"A","1587473922",NULL
"376","7","7","14",NULL,"A","1587477869",NULL
"377","7","7","19",NULL,"A","1587477869",NULL
"378","7","7","20",NULL,"A","1587477869",NULL
"379","7","7","21",NULL,"A","1587477869",NULL
"380","11","11","1",NULL,"A","1587478333",NULL
"381","11","11","10",NULL,"A","1587478333",NULL
"382","11","11","27",NULL,"A","1587478333",NULL
"383","11","11","28",NULL,"A","1587478333",NULL
"384","11","11","29",NULL,"A","1587478333",NULL
"385","11","11","88",NULL,"A","1587478333",NULL
"386","46","72","1",NULL,"A","1587479920",NULL
"387","46","72","9",NULL,"A","1587479920",NULL
"388","46","72","68",NULL,"A","1587479920",NULL
"389","46","72","72",NULL,"A","1587479920",NULL
"390","46","72","73",NULL,"A","1587479920",NULL
"391","46","72","74",NULL,"A","1587479920",NULL
"392","46","72","84",NULL,"A","1587479920",NULL
"393","46","72","90",NULL,"A","1587479920",NULL
"394","47","74","1",NULL,"A","1587480252",NULL
"395","47","74","4",NULL,"A","1587480252",NULL
"396","47","74","10",NULL,"A","1587480252",NULL
"397","47","74","18",NULL,"A","1587480252",NULL
"398","47","74","23",NULL,"A","1587480252",NULL
"399","25","25","1",NULL,"A","1587811001",NULL
"400","25","25","6",NULL,"A","1587811001",NULL
"401","25","25","9",NULL,"A","1587811001",NULL
"402","25","25","10",NULL,"A","1587811001",NULL
"403","20","20","54",NULL,"A","1587999802",NULL
"404","20","20","55",NULL,"A","1587999802",NULL
"405","20","20","91",NULL,"A","1587999802",NULL
"406","20","20","92",NULL,"A","1587999802",NULL
"407","20","20","93",NULL,"A","1587999802",NULL
"408","50","78","10",NULL,"A","1588586033",NULL
"409","17","15","1",NULL,"A","1589784005",NULL
"410","17","15","31",NULL,"A","1589784005",NULL
"411","17","15","32",NULL,"A","1589784005",NULL
"412","17","15","48",NULL,"A","1589784005",NULL
"413","17","15","49",NULL,"A","1589784005",NULL
"414","17","15","50",NULL,"A","1589784005",NULL
"415","17","15","83",NULL,"A","1589784005",NULL
"442","24","22","1",NULL,"A","1594379997",NULL
"443","24","22","2",NULL,"A","1594379997",NULL
"444","24","22","3",NULL,"A","1594379997",NULL
"445","24","22","4",NULL,"A","1594379997",NULL
"446","24","22","8",NULL,"A","1594379997",NULL
"447","24","22","9",NULL,"A","1594379997",NULL
"448","24","22","10",NULL,"A","1594379998",NULL
"449","24","22","11",NULL,"A","1594379998",NULL
"450","24","22","12",NULL,"A","1594379998",NULL
"451","24","22","15",NULL,"A","1594379998",NULL
"452","24","22","16",NULL,"A","1594379998",NULL
"453","24","22","17",NULL,"A","1594379998",NULL
"454","24","22","18",NULL,"A","1594379998",NULL
"455","24","22","20",NULL,"A","1594379998",NULL
"456","24","22","48",NULL,"A","1594379998",NULL
"457","24","22","81",NULL,"A","1594379998",NULL
"458","24","22","85",NULL,"A","1594379998",NULL
"459","24","22","86",NULL,"A","1594379998",NULL
"460","24","22","87",NULL,"A","1594379998",NULL
"461","24","22","94",NULL,"A","1594379998",NULL
"462","24","22","95",NULL,"A","1594379998",NULL
"463","24","22","97",NULL,"A","1594379998",NULL
"464","30","29","1",NULL,"A","1595326794",NULL
"465","30","29","9",NULL,"A","1595326794",NULL
"466","30","29","62",NULL,"A","1595326794",NULL
"467","30","29","98",NULL,"A","1595326794",NULL
"473","51","95","91",NULL,"A","1595412269",NULL
"474","51","95","92",NULL,"A","1595412269",NULL
"475","51","95","99",NULL,"A","1595412269",NULL
"476","52","71","56",NULL,"A","1595583548",NULL
"477","52","71","58",NULL,"A","1595583548",NULL
"478","52","71","59",NULL,"A","1595583548",NULL
"479","52","71","60",NULL,"A","1595583548",NULL
"499","53","98","1",NULL,"A","1598949928",NULL
"500","53","98","9",NULL,"A","1598949928",NULL
"501","53","98","14",NULL,"A","1598949928",NULL
"534","4","4","7",NULL,"A","1601040184",NULL
"535","4","4","8",NULL,"A","1601040184",NULL
"536","4","4","9",NULL,"A","1601040184",NULL
"537","4","4","10",NULL,"A","1601040184",NULL
"538","4","4","11",NULL,"A","1601040184",NULL
"539","4","4","12",NULL,"A","1601040184",NULL
"540","4","4","13",NULL,"A","1601040184",NULL
"541","4","4","14",NULL,"A","1601040184",NULL
"542","4","4","75",NULL,"A","1601040184",NULL
"543","4","4","102",NULL,"A","1601040184",NULL
"544","4","4","103",NULL,"A","1601040184",NULL
"545","4","4","104",NULL,"A","1601040184",NULL
"546","4","4","105",NULL,"A","1601040184",NULL
"593","55","104","28",NULL,"A","1604305018",NULL
"594","55","104","32",NULL,"A","1604305018",NULL
"595","55","104","48",NULL,"A","1604305018",NULL
"596","55","104","49",NULL,"A","1604305018",NULL
"597","55","104","83",NULL,"A","1604305018",NULL
"598","55","104","87",NULL,"A","1604305018",NULL
"599","55","104","101",NULL,"A","1604305018",NULL
"600","55","104","106",NULL,"A","1604305018",NULL
"601","55","104","107",NULL,"A","1604305018",NULL
"602","55","104","109",NULL,"A","1604305018",NULL
"603","58","99","112",NULL,"A","1607160534",NULL
"616","59","121","1",NULL,"A","1611646484",NULL
"617","59","121","3",NULL,"A","1611646484",NULL
"618","59","121","5",NULL,"A","1611646484",NULL
"619","59","121","6",NULL,"A","1611646484",NULL
"620","59","121","8",NULL,"A","1611646484",NULL
"680","61","131","1",NULL,"A","1618646873",NULL
"681","61","131","28",NULL,"A","1618646873",NULL
"682","61","131","119",NULL,"A","1618646873",NULL
"683","61","131","121",NULL,"A","1618646873",NULL
"700","60","126","28",NULL,"A","1620899778",NULL
"701","60","126","116",NULL,"A","1620899778",NULL
"702","60","126","117",NULL,"A","1620899778",NULL
"703","60","126","118",NULL,"A","1620899778",NULL
"704","60","126","122",NULL,"A","1620899778",NULL
"725","12","9","1",NULL,"A","1620910728",NULL
"726","12","9","23",NULL,"A","1620910728",NULL
"727","12","9","28",NULL,"A","1620910728",NULL
"728","12","9","31",NULL,"A","1620910728",NULL
"729","12","9","32",NULL,"A","1620910728",NULL
"730","12","9","88",NULL,"A","1620910728",NULL
"731","12","9","116",NULL,"A","1620910728",NULL
"732","12","9","117",NULL,"A","1620910728",NULL
"733","12","9","118",NULL,"A","1620910728",NULL
"734","12","9","122",NULL,"A","1620910728",NULL
"735","63","136","93",NULL,"A","1622031497",NULL
"736","64","143","1",NULL,"A","1625041235",NULL
"737","64","143","31",NULL,"A","1625041235",NULL
"738","64","143","32",NULL,"A","1625041235",NULL
"739","64","143","47",NULL,"A","1625041235",NULL
"740","64","143","48",NULL,"A","1625041235",NULL
"741","64","143","49",NULL,"A","1625041235",NULL
"742","64","143","50",NULL,"A","1625041235",NULL
"743","66","145","1",NULL,"A","1625047668",NULL
"744","66","145","10",NULL,"A","1625047668",NULL
"745","66","145","27",NULL,"A","1625047668",NULL
"746","66","145","28",NULL,"A","1625047668",NULL
"747","67","147","1",NULL,"A","1627115284",NULL
"748","67","147","9",NULL,"A","1627115284",NULL
"749","67","147","68",NULL,"A","1627115284",NULL
"750","67","147","72",NULL,"A","1627115284",NULL
"751","67","147","73",NULL,"A","1627115284",NULL
"752","67","147","74",NULL,"A","1627115284",NULL
"753","67","147","84",NULL,"A","1627115284",NULL
"754","67","147","90",NULL,"A","1627115284",NULL
"755","68","148","1",NULL,"A","1627122264",NULL
"756","68","148","19",NULL,"A","1627122264",NULL
"757","68","148","22",NULL,"A","1627122264",NULL
"758","68","148","51",NULL,"A","1627122264",NULL
"759","68","148","52",NULL,"A","1627122264",NULL
"760","68","148","53",NULL,"A","1627122264",NULL
"862","15","13","1",NULL,"A","1629734826",NULL
"863","15","13","6",NULL,"A","1629734826",NULL
"864","15","13","9",NULL,"A","1629734826",NULL
"865","15","13","10",NULL,"A","1629734826",NULL
"866","15","13","41",NULL,"A","1629734826",NULL
"867","15","13","42",NULL,"A","1629734826",NULL
"868","15","13","43",NULL,"A","1629734826",NULL
"869","15","13","45",NULL,"A","1629734826",NULL
"870","15","13","46",NULL,"A","1629734826",NULL
"871","15","13","100",NULL,"A","1629734826",NULL
"872","71","153","1",NULL,"A","1632379748",NULL
"873","71","153","38",NULL,"A","1632379748",NULL
"874","71","153","39",NULL,"A","1632379748",NULL
"875","71","153","40",NULL,"A","1632379748",NULL
"876","40","39","1",NULL,"A","1632381899",NULL
"877","40","39","9",NULL,"A","1632381899",NULL
"878","40","39","10",NULL,"A","1632381899",NULL
"879","40","39","42",NULL,"A","1632381899",NULL
"880","40","39","43",NULL,"A","1632381899",NULL
"881","40","39","45",NULL,"A","1632381899",NULL
"882","40","39","46",NULL,"A","1632381899",NULL
"883","56","105","10",NULL,"A","1632381937",NULL
"884","56","105","41",NULL,"A","1632381937",NULL
"885","56","105","42",NULL,"A","1632381937",NULL
"886","56","105","43",NULL,"A","1632381937",NULL
"887","56","105","45",NULL,"A","1632381937",NULL
"888","56","105","46",NULL,"A","1632381937",NULL
"889","56","105","100",NULL,"A","1632381937",NULL
"890","56","105","110",NULL,"A","1632381937",NULL
"891","56","105","111",NULL,"A","1632381937",NULL
"892","56","105","115",NULL,"A","1632381937",NULL
"899","73","173","9",NULL,"A","1642079669",NULL
"900","73","173","76",NULL,"A","1642079669",NULL
"901","73","173","99",NULL,"A","1642079669",NULL
"902","73","173","134",NULL,"A","1642079669",NULL
"906","76","175","135",NULL,"A","1642086257",NULL
"907","76","175","136",NULL,"A","1642086257",NULL
"908","76","175","137",NULL,"A","1642086257",NULL
"909","77","176","76",NULL,"A","1642086605",NULL
"931","82","195","9",NULL,"A","1664089565",NULL
"932","82","195","14",NULL,"A","1664089565",NULL
"937","83","197","140",NULL,"A","1669098761",NULL
"938","83","197","141",NULL,"A","1669098761",NULL
"939","83","197","142",NULL,"A","1669098761",NULL
"940","83","197","143",NULL,"A","1669098761",NULL
"941","84","199","135",NULL,"A","1669370194",NULL
"942","84","199","136",NULL,"A","1669370194",NULL
"943","84","199","137",NULL,"A","1669370194",NULL
"953","16","16","1",NULL,"A","1683113740",NULL
"954","16","16","19",NULL,"A","1683113740",NULL
"955","16","16","22",NULL,"A","1683113740",NULL
"956","16","16","23",NULL,"A","1683113740",NULL
"957","16","16","30",NULL,"A","1683113740",NULL
"958","16","16","39",NULL,"A","1683113740",NULL
"959","16","16","51",NULL,"A","1683113740",NULL
"960","16","16","77",NULL,"A","1683113740",NULL
"982","23","2","62",NULL,"A","1690207023",NULL
"983","23","2","96",NULL,"A","1690207023",NULL
"984","89","242","30",NULL,"A","1692970603",NULL
"985","89","242","33",NULL,"A","1692970603",NULL
"986","89","242","34",NULL,"A","1692970603",NULL
"987","89","242","35",NULL,"A","1692970603",NULL
"988","89","242","36",NULL,"A","1692970603",NULL
"989","89","242","37",NULL,"A","1692970603",NULL
"990","90","250","93",NULL,"A","1695535992",NULL
"991","72","154","1",NULL,"A","1697029172",NULL
"992","72","154","9",NULL,"A","1697029172",NULL
"993","72","154","133",NULL,"A","1697029172",NULL
"994","69","149","1",NULL,"A","1698652941",NULL
"995","69","149","9",NULL,"A","1698652941",NULL
"996","69","149","76",NULL,"A","1698652941",NULL
"1004","62","132","1",NULL,"A","1698665830",NULL
"1005","62","132","43",NULL,"A","1698665830",NULL
"1006","62","132","46",NULL,"A","1698665830",NULL
"1007","62","132","100",NULL,"A","1698665830",NULL
"1008","62","132","110",NULL,"A","1698665830",NULL
"1009","62","132","111",NULL,"A","1698665830",NULL
"1010","62","132","121",NULL,"A","1698665830",NULL
"1011","49","76","1",NULL,"A","1698766714",NULL
"1012","49","76","10",NULL,"A","1698766714",NULL
"1013","21","19","56",NULL,"A","1698766750",NULL
"1014","21","19","57",NULL,"A","1698766750",NULL
"1015","21","19","58",NULL,"A","1698766750",NULL
"1016","21","19","59",NULL,"A","1698766750",NULL
"1017","21","19","60",NULL,"A","1698766750",NULL
"1018","91","140","121",NULL,"A","1698929415",NULL
"1019","91","140","147",NULL,"A","1698929415",NULL
"1020","91","140","148",NULL,"A","1698929415",NULL
"1021","91","140","149",NULL,"A","1698929415",NULL
"1022","92","166","121",NULL,"A","1698929457",NULL
"1023","92","166","147",NULL,"A","1698929457",NULL
"1024","92","166","148",NULL,"A","1698929457",NULL
"1025","92","166","149",NULL,"A","1698929457",NULL
"1026","86","225","1",NULL,"A","1700828314",NULL
"1027","86","225","19",NULL,"A","1700828314",NULL
"1028","86","225","22",NULL,"A","1700828314",NULL
"1029","86","225","23",NULL,"A","1700828314",NULL
"1030","86","225","30",NULL,"A","1700828314",NULL
"1031","86","225","39",NULL,"A","1700828314",NULL
"1032","86","225","51",NULL,"A","1700828314",NULL
"1034","80","181","139",NULL,"A","1702027190",NULL
"1035","70","152","76",NULL,"A","1709219805",NULL
"1036","70","152","77",NULL,"A","1709219805",NULL
"1037","70","152","79",NULL,"A","1709219805",NULL
"1038","54","101","1",NULL,"A","1724334775",NULL
"1039","54","101","49",NULL,"A","1724334775",NULL
"1040","93","299","1",NULL,"A","1724398751",NULL
"1041","93","299","49",NULL,"A","1724398751",NULL
"1042","19","17","1",NULL,"A","1742917619",NULL
"1043","19","17","9",NULL,"A","1742917619",NULL
"1044","78","180","41",NULL,"A","1742917701",NULL
"1045","78","180","42",NULL,"A","1742917701",NULL
"1046","78","180","43",NULL,"A","1742917701",NULL
"1047","78","180","45",NULL,"A","1742917701",NULL
"1048","81","182","1",NULL,"A","1742917809",NULL
"1049","81","182","38",NULL,"A","1742917809",NULL
"1050","81","182","39",NULL,"A","1742917809",NULL
"1051","81","182","40",NULL,"A","1742917809",NULL
"1064","94","336","150","2","A","1745405403",NULL
"1065","94","336","151","3","A","1745405403",NULL
"1066","94","336","152","4","A","1745405403",NULL
"1067","94","336","153","5","A","1745405403",NULL
"1068","94","336","154","1","A","1745405403",NULL
"1069","94","336","155","6","A","1745405403",NULL
"1070","94","336","156","7","A","1745405403",NULL
"1071","94","336","157","8","A","1745405403",NULL
"1072","94","336","158","9","A","1745405403",NULL
"1073","94","336","159","10","A","1745405403",NULL
"1074","94","336","160","11","A","1745405403",NULL
"1075","94","336","161","12","A","1745405403",NULL
"1076","87","162","144",NULL,"A","1746194120",NULL
"1077","87","162","145",NULL,"A","1746194120",NULL
"1078","87","162","162",NULL,"A","1746194120",NULL
"1079","95","200","2",NULL,"A","1747211281",NULL
