"id","legal_expert_name","legal_expert_designation","legal_expert_organisation","image_name","added_date","modified_date","status","course_id","legal_expert_comment","sequence_tag"
"1","VVR Babu","Chief Information Officer","ITC Limited","VVR Babu-1571304587.jpg","2019-10-17 02:59:47","0000-00-00 00:00:00","A","1","<p>Good overview and basic knowledge of all legal matters that pertain to starting and running a business.</p>","0"
"2","Prof. Shamnad Basheer","Former MHRD Prof. IP Law, Founder of SpicyIP","IDIA (Amicus Curiae in the Novartis case)","Prof. Shamnad Basheer-1571304689.jpg","2019-10-17 03:01:29","0000-00-00 00:00:00","A","1","<p>This well-structured and easily accessible course could not have been more timely.</p>","1"
"3","Sameer Sibal","Partner","Jerome Merchant & Partners","Sameer Sibal-1580977823.jpg","2019-10-17 03:02:15","0000-00-00 00:00:00","A","1","<p>Lawsikho is doing a good job at identifying what needs to be taught to make students industry-ready. We have had several law students who have pursued an iPleaders or Lawsikho courses and who then interned or worked with us, and they have consistently been better than what we see typically of law students</p>","2"
"4","Abhinav Ashwin","Tax Partner (Taxation)","AZB & Partners","Abhinav Ashwin-1571727847.jpg","2019-10-22 12:34:07","0000-00-00 00:00:00","A","7","<p>The modules of this course are designed with due care and attention to address significant and pertinent aspects which one encounters on a daily basis in commerce and transactions, rather than being merely academic. It is heartening to see that the modules present a significant interface with practical aspects of taxation laws like valuations, financial statements as well. Learners who are aware and conversant with these aspects are bound to contribute significantly in shaping the legal and tax policy of their organizations, irrespective of whether they are client facing or in house.</p>","0"
"5","Sunil Agarwal","Senior Partner (Taxation)","AZB & Partners and Former Additional Commissioner of Income Tax","Sunil Agarwal-1571727917.jpg","2019-10-22 12:35:17","0000-00-00 00:00:00","A","7","<p>Learning corporate taxation will enable you to work in tax firms, Big Four Accounting firms and as a tax lawyer in corporate law firms, apart from excelling as an arguing counsel in tax litigation. You will also be able to structure transactions as a corporate lawyer more effectively, as tax considerations are critical for structuring. The course outline is fairly detailed in that regard.</p>","1"
"6","Ashutosh Rastogi","Partner","Amicus (Recommended by Legal 500 for Tax & Transfer Pricing)","Ashutosh Rastogi-1571727984.jpg","2019-10-22 12:36:24","0000-00-00 00:00:00","A","7","<p>The course outline is good, and Lawsikho has a very innovative methodology to ensure delivery of practical insights.</p>","2"
"7","Noopoor Shah","Consultant","Chartered Accountant","Noopoor Shah-1571728076.jpg","2019-10-22 12:37:56","0000-00-00 00:00:00","A","7","<p>It looks like a good mix of predominantly direct taxation, International taxation and the basics of GST. It&rsquo;s made of elements you will actually use in your day to day work related to corporate taxation rather than a detailed study of a whole lot of things which might be dealt with once in a while. Study of allowable expenses in income from business or profession, insights of DTAAs, tax havens, transfer pricing etc. and dispute resolution can be quite beneficial to someone looking to work in this field.</p>","3"
"8","Smith Jhaveri","Partner","Ekvity Ventures LLP","Smith Jhaveri-1571728131.jpg","2019-10-22 12:38:51","0000-00-00 00:00:00","A","7","<p>The direct taxation impact of practically all different corporate transactions visibly seems to be covered. It also deals with international taxation which is a definite value add. Stamp duty can sometimes be a factor driving or pulling back a deal and that is covered as well, which makes the course quite comprehensive.</p>","4"
"9","Suhit Aggarwal","Head, Direct Taxes","Airtel","Suhit Aggarwal-1571728201.jpg","2019-10-22 12:40:01","0000-00-00 00:00:00","A","7","<p>The course outline is extensive and practical. I would like to congratulate Lawsikho team for bringing out a comprehensive course on tax laws. I have found that curriculum has been carefully selected to cover most relevant aspects of corporate tax regime with a practical approach. There seems a fine balance between provisions of domestic income tax, International tax and GST. It also provides advance topics such as GAAR, POEM and BEPS in line with Indian Revenue Authorities recent initiatives to keep pace with Global developments. I think this course will prove very useful for every tax person whether in practice or industry.</p>","5"
"10","Garima Srivastava","Senior Associate","Lakshmi Kumaran & Sridharan","Garima Srivastava-1571729312.jpg","2019-10-22 12:56:26","0000-00-00 00:00:00","A","6","<p style=""text-align: center;"">M&amp;A and banking and finance are the &#39;bread and butter&#39; of corporate lawyers. Adequate insights on these areas are missing in the law school curriculum. This course aims to impart adequate skill-sets and practical insights around these areas.</p>","0"
"11","Jayantika Ganguly","Principal Associate","Khaitan & Co.","Jayantika Ganguly-1571729291.jpg","2019-10-22 12:58:11","0000-00-00 00:00:00","A","6","<p style=""text-align: center;"">This course deals with all the relevant concepts to work in the M&amp;A or debt finance team of a corporate law firm. The syllabus covers concepts, regulations, compliance aspects, contracts and practical exercises, and thus provides a solid foundation for learning.</p>","1"
"12","Dhwani Shah","Former Associate in Khaitan & Co. and Wadia Ghandy","Khaitan & Co. and Wadia Ghandy","Dhwani Shah-1571729326.jpg","2019-10-22 12:58:46","0000-00-00 00:00:00","A","4","<p style=""text-align: justify;"">With notification of the RERA, the real estate law across different parts of the country has become difficult to grasp. This is a great start to teach the framework of real estate legislations and to identify the common principles of the new law. This course will assist students in understanding how the law works. Students who pursue this will be sufficiently trained to identify, extract and comprehend the relevant aspects of applicable law in a number of states.</p>","0"
"13","Ketan Mukhija","Partner","P&A Law Offices (Former General Counsel of SREI Group)","Ketan Mukhija-1571729396.jpg","2019-10-22 12:59:56","0000-00-00 00:00:00","A","6","<p style=""text-align: center;"">This course deals adequately with the routes and different kinds of concepts associated with public and private acquisitions and debt finance. Regulatory and contractual aspects for both domestic and international finance are dealt with sufficiently to train someone who wants to be a corporate lawyer or an in-house counsel.</p>","2"
"14","Neha Mary Koshy","Lawyer (Banking and Finance) at HSB Partners","HSB Partners","Neha Mary Koshy-1571729422.jpg","2019-10-22 01:00:22","0000-00-00 00:00:00","A","4","<p style=""text-align: justify;"">There is a significant gap between what you learn when you study Transfer of Property Act and real estate work. This course is an excellent initiative to bridge that gap and will benefit learners.</p>","1"
"15","Sameer Sibal","Partner","Jerome Merchant & Partners","Sameer Sibal-1571729591.jpg","2019-10-22 01:03:11","0000-00-00 00:00:00","A","6","<p style=""text-align: center;"">Lawsikho is doing a good job at identifying what needs to be taught to make students industry-ready. We have had several law students who have pursued an iPleaders or Lawsikho courses and who then interned or worked with us, and they have consistently been better than what we see typically of law students</p>","3"
"16","Amish Aggarwala","Central Government Counsel","Supreme Court of India","Amish Aggarwala-1571734625.jpg","2019-10-22 02:27:05","0000-00-00 00:00:00","A","3","<p _ngcontent-c38="""">If such a course was available when I was studying in college, I would have definitely taken it up. The exercise-based method will really ensure that you are trained on skills which you need to use everyday in court.</p>","0"
"17","Dhruv Kumra","Independent litigator","Independent litigator","Dhruv Kumra-1571734710.jpg","2019-10-22 02:28:30","0000-00-00 00:00:00","A","3","<p>The course teaches critical skills pertinent to arbitration and the method of teaching concepts by making people perform exercises and discussing them in online classrooms every week is innovative.</p>","1"
"18","Gaurav Gupta","Litigator","Chambers of Gaurav Gupta","Gaurav Gupta-1571734764.jpg","2019-10-22 02:29:24","0000-00-00 00:00:00","A","3","<p>This course is very practical and teaches what is required by a young litigator to start off a practice in criminal law. It can save stress in the initial years.</p>","2"
"19","Kishan Gurjar","Additional District and Sessions Judge","Rajasthan High Court","Kishan Gurjar-1571734813.jpg","2019-10-22 02:30:13","0000-00-00 00:00:00","A","3","<p>This is a unique course and I am sure that it will solve an important need in the education system. Usually courses in India do not provide such practical insights.</p>","3"
"20","Priyanka Raj","Standing Counsel at Prasar Bharti","Former Associate at Chambers of Rajeev Sharma","Priyanka Raj-1571734866.jpg","2019-10-22 02:31:06","0000-00-00 00:00:00","A","3","<p>This course teaches practical skills a litigator must know when he or she starts practice, and typically one spends about one to two years learning this. Learning this ahead of time can give you an edge.</p>","4"
"21","Shiva Priyamvada","Assistant Professor","Delhi University","Shiva Priyamvada-1571734912.jpg","2019-10-22 02:31:52","0000-00-00 00:00:00","A","3","<p>This is a very practical course, and supplements a law student&#39;s learning really well with what they study in law school.</p>","5"
"22","Jigar Shah","Chartered Accountant, Partner, S. K. Rathi & Co.","S. K. Rathi & Co.","Jigar Shah-1571738022.jpg","2019-10-22 03:23:42","0000-00-00 00:00:00","A","8","<p style=""text-align: justify;"">This is one of the very few practical courses on company law. Colleges teach only the theoretical aspects of Company law but this course deals with questions like &quot;Why to Incorporate a company&quot;. It is one of it&#39;s kind</p>","0"
"23","Devika Singh","Corporate Lawyer (Former Associate at Dua, Archer and Angel and Clasis Law)","Dua, Archer and Angel and Clasis Law","Devika Singh-1571738088.jpg","2019-10-22 03:24:48","0000-00-00 00:00:00","A","8","<p style=""text-align: justify;"">I have seen the design and syllabus of Lawsikho courses at close quarters, and they teach practical skills relevant for day to day work performed by corporate lawyers. These skills are not taught in law school and will be highly beneficial while working in law firms. If there was something like this available back when I was in law school, I would have definitely taken it up. This diploma course is very comprehensive and will benefit anyone who intends to build a practice in corporate law or work in a law firm.</p>","1"
"24","Garima Srivastava","Senior Associate, Lakshmi Kumaran & Sridharan","Lakshmi Kumaran & Sridharan","Garima Srivastava-1571738205.jpg","2019-10-22 03:26:45","0000-00-00 00:00:00","A","8","<p style=""text-align: justify;"">Company law can be quite abstract, and this is a very useful course for anyone who wants to quickly acquire practical insights and move forward.</p>","2"
"25","Binoy Parikh","Chartered Accountant, Katalyst Advisors LLP","Katalyst Advisors LLP","Binoy Parikh-1571738283.jpg","2019-10-22 03:28:03","0000-00-00 00:00:00","A","8","<p style=""text-align: justify;"">This course lays down the building blocks for understanding the maze of Companies Act, 2013 (and its related rules) in a very methodical manner. It seeks to captures the essence of not only the plethora of concepts but also the procedures and best practices in the arena of corporate law. This course would be useful to the students of corporate law, to students who contemplate to take up the practice of corporate law or to practitioners themselves.</p>","3"
"26","Manushi Desai","Lawyer, Gujarat High Court","Gujarat High Court","Manushi Desai-1571738875.jpg","2019-10-22 03:37:55","0000-00-00 00:00:00","A","8","<p style=""text-align: justify;"">This is an excellent way to impart practical learning. The samples and checklists will be very relevant, and the exercise-based method will give you an opportunity to apply course learning by yourself and gain confidence.</p>","4"
"27","Neha Mary Koshy","Lawyer (Banking and Finance)","HSB Partners","Neha Mary Koshy-1571739428.jpg","2019-10-22 03:47:08","0000-00-00 00:00:00","A","10","<p>The course provides a very solid commercial perspective of how lawyers can use the Insolvency and Bankruptcy Code to meet client goals.</p>","0"
"28","Dhwani Shah","Former Associate","Khaitan & Co. and Wadia Ghandy","Dhwani Shah-1571739489.jpg","2019-10-22 03:48:09","0000-00-00 00:00:00","A","10","<p>An understanding of IBC is critical for corporate and banking lawyers and those who want to build a practice in dispute resolution. This course promises to teach that in a very interesting way.</p>","1"
"29","Prachi Johri","Corporate Litigator","working on several ongoing IBC matters","Prachi Johri-1571739544.jpg","2019-10-22 03:49:04","0000-00-00 00:00:00","A","10","<p>This course is very comprehensive in its coverage of the practical aspects of IBC litigation and strategy. Those who perform the exercises will acquire very handy skills.</p>","2"
"30","Pulkit Agarwal","Associate","JP Associates, a Delhi-based litigation firm","Pulkit Agarwal-1571739607.jpg","2019-10-22 03:50:07","0000-00-00 00:00:00","A","10","<p>I was quite excited and happy to see someone work on IBC in this way - the exercise-method is innovative. Creation of expertise around insolvency laws will be beneficial for lawyers, business and the Indian economy in general</p>","3"
"31","Raghuram Cadambi","Advocate","Karnataka High Court (Former Senior Associate at Trilegal)","Raghuram Cadambi-1571739663.jpg","2019-10-22 03:51:03","0000-00-00 00:00:00","A","10","<p>The course covers a blend of commercial and legal aspects in an intuitive and sequential manner and serves as an invaluable companion to understanding the scheme of the Insolvency and Bankruptcy Code</p>","4"
"32","Shivi Rastogi","Partner","Amicus (Former Partner at Dhir & Dhir Associates)","Shivi Rastogi-1571739733.jpg","2019-10-22 03:52:13","0000-00-00 00:00:00","A","10","<p>It is difficult to acquire an understanding of insolvency laws for young lawyers, but they need to account for the same in their advice to clients. The design of this course is such that learners will get a comprehensive understanding of insolvency law work and the applicability of insolvency law to money recovery and business disputes</p>","5"
"33","Ameet Datta","Partner","Saikrishna & Associates","Ameet Datta-1571748516.jpg","2019-10-22 06:13:50","0000-00-00 00:00:00","A","9","<p>I have interacted and had alumni of Lawsikho training programs work in our organization, and I can see the difference, in terms of superior approach to problem solving and work-related skills in young law students and graduates. Lawsikho has put in effort in their programs.</p>","0"
"34","Dhara Doshi","Associate (Contractual and Commercial IP)","Anand and Anand","Dhara Doshi-1580981013.jpg","2019-10-22 06:17:53","0000-00-00 00:00:00","A","9","<p style=""text-align: center;"">This course is designed in a very unique way to cover popular issues that are faced everyday by practitioners and makes learning very intuitive and exciting.</p>","1"
"35","Vaneesha Jain","Senior Associate","Saikrishna and Associates","Vaneesha Jain-1580981040.jpg","2019-10-22 06:20:10","0000-00-00 00:00:00","A","9","<p style=""text-align: center;"">The unique design and content of this course reflect a sound understanding of the practical workings of industry and students are likely to benefit from some highly relevant discussion on how the law may actually be applied in addressing dominant themes and emerging issues within the IP field, as opposed to a dry reading of the statutory provisions and case studies that many other syllabi may offer. This course would be useful not only for law students, but also working legal professionals who are looking to switch to companies or law firms catering to the relevant industry sectors.</p>","2"
"36","Dhruv Kumra","Independent litigator","Independent litigator","Dhruv Kumra-1580975721.jpg","2019-10-22 07:19:10","0000-00-00 00:00:00","A","13","<p style=""text-align: justify;"">The course teaches critical skills pertinent to arbitration and the method of teaching concepts by making people perform exercises and discussing them in online classrooms every week is innovative.</p>","0"
"37","Kishan Gurjar","Additional District and Sessions Judge","Rajasthan High Court","Kishan Gurjar-1580976213.jpg","2019-10-22 07:19:56","0000-00-00 00:00:00","A","13","<p style=""text-align: justify;"">This is a unique course and I am sure that it will solve an important need in the education system. Usually courses in India do not provide such practical insights.</p>","1"
"38","Priyanka Raj","Standing Counsel at Prasar Bharti, Former Associate","Chambers of Rajeev Sharma","Priyanka Raj-1580976342.jpg","2019-10-22 07:20:50","0000-00-00 00:00:00","A","13","<p style=""text-align: justify;"">The step-by-step sequence of the course is excellent and akin to a real arbitration. The weekly drafting exercises will ensure each aspect of a real-life arbitration is given due importance</p>","2"
"39","Supriya Jain","Advocate","Aarna Law","Supriya Jain-1580975801.png","2019-10-22 07:21:27","0000-00-00 00:00:00","A","13","<p style=""text-align: justify;"">Lawsikho team is going out of the way to capture relevant issues for lawyers in depth. I saw them go all out to capture insights for this arbitration course. This will really create tremendous value for law students, who can get great training in law school itself and kickstart their career powerfully right from the time that they graduate.</p>","3"
"40","Tariq Khan","Senior Associate","Advani & Co.","Tariq Khan-1580976183.jpg","2019-10-22 07:22:17","0000-00-00 00:00:00","A","13","<p style=""text-align: justify;"">This is an excellent initiative for exposing law students to realistic working situations in the field of arbitration. This course will be very useful for those who want to pursue a career in dispute resolution.</p>","4"
"41","Binoy Parikh","Chartered Accountant","Katalyst Advisors LLP","Binoy Parikh-1580981936.jpg","2019-10-23 12:45:29","0000-00-00 00:00:00","A","16","<p style=""text-align: center;"">This course lays down the building blocks for understanding the maze of Companies Act, 2013 (and its related rules) in a very methodical manner. It seeks to captures the essence of not only the plethora of concepts but also the procedures and best practices in the arena of corporate law. This course would be useful to the students of corporate law, to students who contemplate to take up the practice of corporate law or to practitioners themselves.</p>","0"
"42","Arunava Mukherjee","Advocate-on-Record","Supreme Court of India (formerly at Clifford Chance LLP, London)","Arunava Mukherjee-1580981926.jpg","2019-10-23 12:46:23","0000-00-00 00:00:00","A","16","<p style=""text-align: center;"">I personally know the founders of the Lawsikho team. They are doing this for a long time now and are really committed to make a difference to the careers of law students by delivering practical education.</p>","1"
"43","Devika Singh","Corporate Lawyer","(Former Associate at Dua, Archer and Angel and Clasis Law)","Devika Singh-1580981912.jpg","2019-10-23 12:47:11","0000-00-00 00:00:00","A","16","<p style=""text-align: center;"">I have seen the design and syllabus of Lawsikho courses at close quarters, and they teach practical skills relevant for day to day work performed by corporate lawyers. These skills are not taught in law school and will be highly beneficial while working in law firms. If there was something like this available back when I was in law school, I would have definitely taken it up. This diploma course is very comprehensive and will benefit anyone who intends to build a practice in corporate law or work in a law firm.</p>","2"
"44","Manushi Desai","Lawyer","Gujarat High Court","Manushi Desai-1580981901.jpg","2019-10-23 12:48:19","0000-00-00 00:00:00","A","16","<p style=""text-align: center;"">This is an excellent way to impart practical learning. The samples and checklists will be very relevant, and the exercise-based method will give you an opportunity to apply course learning by yourself and gain confidence.</p>","3"
"45","Rimali Batra","Principal Associate","DSK Legal","Rimali Batra-1580981888.jpg","2019-10-23 12:49:15","0000-00-00 00:00:00","A","16","<p style=""text-align: center;"">Lawsikho team is doing a great job with making practical legal education accessible. Their courses deliver on what&#39;s expected of lawyers and managers today and very insightful.</p>","4"
"46","Sameer Sibal","Partner","Jerome Merchant & Partners","Sameer Sibal-1580981876.jpg","2019-10-23 12:50:10","0000-00-00 00:00:00","A","16","<p style=""text-align: center;"">Lawsikho is doing a good job at identifying what needs to be taught to make students industry-ready. We have had several law students who have pursued an iPleaders or Lawsikho courses and who then interned or worked with us, and they have consistently been better than what we see typically of law students</p>","5"
"47","Devika Singh","Corporate Lawyer","Former Associate at Dua, Archer and Angel and Clasis Law","Devika Singh-1571827381.jpg","2019-10-23 04:13:01","0000-00-00 00:00:00","A","23","<p style=""text-align: justify;"">This course is an ambitious and laudable attempt to cover the maze of India&#39;s labour laws in a systematic manner. It teaches a basic framework which can provide significant insights and understanding to get a headstart in this area.</p>","0"
"48","Devika Singh","Corporate Lawyer","(Former Associate at Dua, Archer and Angel and Clasis Law)","Devika Singh-1571831471.jpg","2019-10-23 05:21:11","0000-00-00 00:00:00","A","2","<p style=""text-align: justify;"">I have seen the design and syllabus of Lawsikho courses at close quarters, and they teach practical skills relevant for day to day work performed by corporate lawyers. These skills are not taught in law school and will be highly beneficial while working in law firms. If there was something like this available back when I was in law school, I would have definitely taken it up. This diploma course is very comprehensive and will benefit anyone who intends to build a practice in corporate law or work in a law firm.</p>","0"
"49","Esha Shekhar","In house legal counsel| Corporate advisory & legal compliance","Trainer- POSH & women related laws | Co-founded 2 startups","Esha Shekhar-1571831649.jpg","2019-10-23 05:24:09","0000-00-00 00:00:00","A","2","<p style=""text-align: justify;"">Drafting a contract effectively requires a lot of practice and understanding of commercials of a deal. This course gives a practice on different kinds of contracts to develop such skills through its exercises.</p>","1"
"50","Jayantika Ganguly","Principal Associate","Khaitan & Co.","Jayantika Ganguly-1571831697.jpg","2019-10-23 05:24:57","0000-00-00 00:00:00","A","2","<p style=""text-align: justify;"">It is important to possess expertise in contract drafting to call yourself a commercial lawyer. It takes some practice and experience in developing this skill set, and this course is aptly designed to give you a head start.</p>

<p style=""text-align: justify;"">&nbsp;</p>","2"
"51","Ketan Mukhija","Partner","P&A Law Offices (Former General Counsel of SREI Group)","Ketan Mukhija-1571831750.jpg","2019-10-23 05:25:50","0000-00-00 00:00:00","A","2","<p style=""text-align: justify;"">This is a very exhaustive course on contract drafting - it covers a wide range of contracts, thus catering to multiple industries. The weekly exercises will ensure sufficient practice for all participants. It will be very useful for lawyers and managers who regularly deal with contracts.</p>

<p>&nbsp;</p>","3"
"52","Shiva Priyamvada","Assistant Professor","Delhi University","Shiva Priyamvada-1571831803.jpg","2019-10-23 05:26:43","0000-00-00 00:00:00","A","2","<p style=""text-align: justify;"">This course covers a broad range of commercial contracts. Those who can draft these contracts will be ready to take on real legal work with confidence.​​​​​​​​​</p>","4"
"53","VVR Babu","Chief Information Officer, ITC Limited","ITC Limited","VVR Babu-1571833020.jpg","2019-10-23 05:47:00","0000-00-00 00:00:00","A","22","<p style=""text-align: justify;"">Good overview and basic knowledge of all legal matters that pertain to starting and running a business.</p>","0"
"54","Prof. Shamnad Basheer","Former MHRD Prof. IP Law, Founder of SpicyIP, IDIA (Amicus Curiae in the Novartis case)","SpicyIP, IDIA","Prof. Shamnad Basheer-1571833074.jpg","2019-10-23 05:47:54","0000-00-00 00:00:00","A","22","<p style=""text-align: justify;"">This well-structured and easily accessible course could not have been more timely.</p>","1"
"55","Sameer Sibal","Partner, Jerome Merchant & Partners","Jerome Merchant & Partners","Sameer Sibal-1571833110.jpg","2019-10-23 05:48:30","0000-00-00 00:00:00","A","22","<p style=""text-align: justify;"">Lawsikho is doing a good job at identifying what needs to be taught to make students industry-ready. We have had several law students who have pursued an iPleaders or Lawsikho courses and who then interned or worked with us, and they have consistently been better than what we see typically of law students</p>","2"
"56","Sreerupa Choudhury","Founder, LawFarm","LawFarm","Sreerupa Choudhury-1571833144.jpg","2019-10-23 05:49:04","0000-00-00 00:00:00","A","22","<p style=""text-align: justify;"">Having worked as an in house counsel briefly and now as entrepreneur in the legal space, I can say that the concepts the course teaches are highly valuable for aspiring business lawyers and people who want to start new businesses, especially in the legal space.</p>","3"
"57","Umesh Sharma","former Registrar of the Rajasthan High Court (Jodhpur Bench)","Rajasthan High Court","Umesh Sharma-1571833186.jpg","2019-10-23 05:49:46","0000-00-00 00:00:00","A","22","<p style=""text-align: justify;"">The syllabus is comprehensive and well planned.</p>","4"
"58","Abhyuday Agarwal","Co-Founder and Chief Operations Officer","LawSikho","Abhyuday Agarwal-1593007677.jpeg","2020-06-24 07:37:57","2020-06-24 07:44:39","D","82",,"0"
"59","Harsh Jain","Co- Founder and Chief Growth Officer","LawSikho","Harsh Jain-1593007791.jpeg","2020-06-24 07:39:51","2020-06-24 07:44:30","D","82",,"1"
"60","Sammanika Rawat","Head of Placements","LawSikho","Sammanika Rawat-1593007849.jpeg","2020-06-24 07:40:49","2020-06-24 07:44:20","D","82","<p>(has a record of creating 50+ internship opportunities and 5 job opportunities during lockdown)</p>","2"
"61","Jhon Doe","Assistant Professor","XyZ LtD. PVT LTD.","Jhon Doe-1611646704.jpg","2021-01-26 01:08:24","0000-00-00 00:00:00","A","121","<p><span style=""color:rgb(0, 0, 0); font-family:open sans,arial,sans-serif; font-size:14px; text-align:justify"">There are many variations of passages of Lorem Ipsum available, but the majority have suffered alteration in some form, by injected humour, or randomised words which don&#39;t look even slightly believable. If you are going to use a passage of Lorem Ipsum, you need to be sure there isn&#39;t anything embarrassing hidden in the middle of text. All the Lorem Ipsum generators on the Internet tend to repeat predefined chunks as necessary, making this the first true generator on the Internet. It uses a dictionary of over 200 Latin words, combined with a handful of model sentence structures, to generate Lorem Ipsum which looks reasonable. The generated Lorem Ipsum is therefore always free from repetition, injected humour, or non-characteristic words etc.</span></p>","0"
"62","Test jhon doe","Test","Test","test-jhon-doe-1612934018.jpg","2021-02-10 10:42:08","0000-00-00 00:00:00","P","121","<p><span style=""color:rgb(0, 0, 0); font-family:open sans,arial,sans-serif; font-size:14px; text-align:justify"">It is a long established fact that a reader will be distracted by the readable content of a page when looking at its layout. The point of using Lorem Ipsum is that it has a more-or-less normal distribution of letters, as opposed to using &#39;Content here, content here&#39;, making it look like readable English. Many desktop publishing packages and web page editors now use Lorem Ipsum as their default model text, and a search for &#39;lorem ipsum&#39; will uncover many web sites still in their infancy. Various versions have evolved over the years, sometimes by accident, sometimes on purpose (injected humour and the like).</span></p>","1"
"63","Salman Khurshid","Senior advocate","Supreme Court of India","salman-khurshid-1612978144.jpg","2021-02-10 10:59:04","2021-02-16 05:25:47","D","122","<p>Despite several innovative methods being introduced to prepare law students for hands on practice at the Bar much of the practical side of lawyering is still attributed to experience. This timely attempt to provide a road map for lawyers, young and old, who wish to excel at the Bar of the Supreme Court is commendable and will be a great help to aspiring individuals as indeed the institution itself.</p>","0"
"64","Salman Khurshid","Senior advocate","Supreme Court of India","salman-khurshid-1613476539.jpg","2021-02-16 05:25:39","0000-00-00 00:00:00","A","120","<p>Despite several innovative methods being introduced to prepare law students for hands on practice at the Bar much of the practical side of lawyering is still attributed to experience. This timely attempt to provide a road map for lawyers, young and old, who wish to excel at the Bar of the Supreme Court is commendable and will be a great help to aspiring individuals as indeed the institution itself.</p>","0"
"65","Test jhon doe Test22","Test","Test","test-jhon-doe-test22-1613563600.jpg","2021-02-17 05:35:55","0000-00-00 00:00:00","P","121","<p>Lorem ipsum</p>","2"
"66","Test jhon doe 25","Test","Test","test-jhon-doe-25-1613568127.jpg","2021-02-17 06:51:28","0000-00-00 00:00:00","P","121","<p>LOrem ipsum</p>","3"
"67","Sanya Parmar","Head of Legal","Clove Dental","sanya-parmar-1685954678.png","2023-06-05 02:14:38","0000-00-00 00:00:00","P","6","<p>Testimonial: When it comes down to the practical insights in the domain of M&amp;A, the course helps in looking into the basics that form the foundation of practising M&amp;A in the real case scenario. Right from the essential concepts to the niche contracts needed, the course encompasses all relevant information needed to upskill as an M&amp;A lawyer.&nbsp;</p>","4"
