"id","course_industry_id","course_id","industries_id","status","added_date","modified_date"
"6","1","1","1","A","1571301474",NULL
"7","1","1","6","A","1571301474",NULL
"8","1","1","7","A","1571301474",NULL
"9","1","1","8","A","1571301474",NULL
"10","1","1","9","A","1571301474",NULL
"16","2","2","1","A","1571472557",NULL
"17","2","2","2","A","1571472557",NULL
"18","2","2","4","A","1571472557",NULL
"19","2","2","7","A","1571472557",NULL
"20","2","2","9","A","1571472557",NULL
"21","2","2","10","A","1571472557",NULL
"42","7","7","1","A","1571724833",NULL
"43","7","7","6","A","1571724833",NULL
"44","7","7","7","A","1571724833",NULL
"45","7","7","8","A","1571724833",NULL
"46","7","7","9","A","1571724833",NULL
"52","9","10","1","A","1571735575",NULL
"53","9","10","6","A","1571735575",NULL
"54","9","10","7","A","1571735575",NULL
"55","9","10","8","A","1571735575",NULL
"56","9","10","9","A","1571735575",NULL
"69","12","11","11","A","1571741205",NULL
"70","12","11","12","A","1571741205",NULL
"71","12","11","13","A","1571741205",NULL
"72","12","11","14","A","1571741205",NULL
"73","12","11","15","A","1571741205",NULL
"74","12","11","16","A","1571741205",NULL
"75","12","11","17","A","1571741205",NULL
"76","12","11","18","A","1571741205",NULL
"77","12","11","19","A","1571741205",NULL
"78","12","11","20","A","1571741205",NULL
"79","13","13","1","A","1571748939",NULL
"80","13","13","6","A","1571748939",NULL
"81","13","13","7","A","1571748939",NULL
"82","13","13","8","A","1571748939",NULL
"83","13","13","9","A","1571748939",NULL
"84","14","14","1","A","1571749137",NULL
"85","14","14","7","A","1571749137",NULL
"91","16","15","7","A","1571812522",NULL
"92","16","15","8","A","1571812522",NULL
"93","16","15","12","A","1571812522",NULL
"94","16","15","15","A","1571812522",NULL
"95","16","15","16","A","1571812522",NULL
"96","16","15","19","A","1571812522",NULL
"97","16","15","20","A","1571812522",NULL
"106","17","15","7","A","1571813133",NULL
"107","17","15","8","A","1571813133",NULL
"108","17","15","12","A","1571813133",NULL
"109","17","15","15","A","1571813133",NULL
"110","17","15","16","A","1571813133",NULL
"111","17","15","19","A","1571813133",NULL
"112","17","15","20","A","1571813133",NULL
"113","17","15","21","A","1571813133",NULL
"114","17","15","22","A","1571813133",NULL
"115","17","15","23","A","1571813133",NULL
"116","17","15","24","A","1571813133",NULL
"117","17","15","25","A","1571813133",NULL
"118","17","15","26","A","1571813133",NULL
"119","18","17","1","A","1571813419",NULL
"120","18","17","6","A","1571813419",NULL
"121","18","17","7","A","1571813419",NULL
"125","19","18","6","A","1571814203",NULL
"126","19","18","7","A","1571814203",NULL
"127","19","18","9","A","1571814203",NULL
"128","19","18","27","A","1571814203",NULL
"129","19","18","28","A","1571814203",NULL
"130","19","18","29","A","1571814203",NULL
"131","19","18","30","A","1571814203",NULL
"132","19","18","31","A","1571814203",NULL
"133","20","20","1","A","1571817402",NULL
"134","20","20","8","A","1571817402",NULL
"135","20","20","12","A","1571817402",NULL
"136","20","20","19","A","1571817402",NULL
"137","20","20","20","A","1571817402",NULL
"138","21","19","2","A","1571817643",NULL
"139","21","19","4","A","1571817643",NULL
"140","21","19","7","A","1571817643",NULL
"141","21","19","8","A","1571817643",NULL
"142","21","19","25","A","1571817643",NULL
"143","21","19","32","A","1571817643",NULL
"144","22","19","2","A","1571817890",NULL
"145","22","19","4","A","1571817890",NULL
"146","22","19","7","A","1571817890",NULL
"147","22","19","8","A","1571817890",NULL
"148","22","19","12","A","1571817890",NULL
"149","22","19","19","A","1571817890",NULL
"150","22","19","20","A","1571817890",NULL
"151","22","19","25","A","1571817890",NULL
"152","22","19","32","A","1571817890",NULL
"153","22","19","33","A","1571817890",NULL
"154","22","19","34","A","1571817890",NULL
"164","24","23","1","A","1571826051",NULL
"165","24","23","6","A","1571826051",NULL
"166","24","23","7","A","1571826051",NULL
"167","24","23","8","A","1571826051",NULL
"168","24","23","9","A","1571826051",NULL
"193","26","26","6","A","1571987407",NULL
"194","26","26","8","A","1571987407",NULL
"195","26","26","9","A","1571987407",NULL
"196","26","26","12","A","1571987407",NULL
"197","26","26","16","A","1571987407",NULL
"198","26","26","20","A","1571987407",NULL
"199","26","26","23","A","1571987407",NULL
"200","26","26","24","A","1571987407",NULL
"201","26","26","25","A","1571987407",NULL
"202","26","26","26","A","1571987407",NULL
"203","26","26","36","A","1571987407",NULL
"204","27","27","6","A","1573563068",NULL
"205","27","27","7","A","1573563068",NULL
"206","27","27","8","A","1573563068",NULL
"207","27","27","9","A","1573563068",NULL
"208","27","27","19","A","1573563068",NULL
"209","27","27","33","A","1573563068",NULL
"210","28","28","6","A","1573566417",NULL
"211","28","28","7","A","1573566417",NULL
"212","28","28","8","A","1573566417",NULL
"213","28","28","9","A","1573566417",NULL
"214","28","28","19","A","1573566417",NULL
"215","28","28","33","A","1573566417",NULL
"216","29","29","6","A","1573582230",NULL
"217","29","29","7","A","1573582230",NULL
"218","29","29","8","A","1573582230",NULL
"219","29","29","9","A","1573582230",NULL
"220","29","29","19","A","1573582230",NULL
"221","29","29","33","A","1573582230",NULL
"222","30","30","6","A","1573584260",NULL
"223","30","30","7","A","1573584260",NULL
"224","30","30","8","A","1573584260",NULL
"225","30","30","9","A","1573584260",NULL
"226","30","30","19","A","1573584260",NULL
"227","30","30","33","A","1573584260",NULL
"228","31","31","6","A","1573590975",NULL
"229","31","31","7","A","1573590975",NULL
"230","31","31","8","A","1573590975",NULL
"231","31","31","9","A","1573590975",NULL
"232","31","31","19","A","1573590975",NULL
"233","31","31","33","A","1573590975",NULL
"234","32","32","6","A","1573636310",NULL
"235","32","32","7","A","1573636310",NULL
"236","32","32","8","A","1573636310",NULL
"237","32","32","9","A","1573636310",NULL
"238","32","32","19","A","1573636310",NULL
"239","32","32","33","A","1573636310",NULL
"240","33","33","6","A","1573639960",NULL
"241","33","33","7","A","1573639960",NULL
"242","33","33","8","A","1573639960",NULL
"243","33","33","9","A","1573639960",NULL
"244","33","33","19","A","1573639960",NULL
"245","33","33","33","A","1573639960",NULL
"246","34","34","6","A","1573669318",NULL
"247","34","34","7","A","1573669318",NULL
"248","34","34","8","A","1573669318",NULL
"249","34","34","9","A","1573669318",NULL
"250","34","34","19","A","1573669318",NULL
"251","34","34","33","A","1573669318",NULL
"252","35","35","6","A","1573671524",NULL
"253","35","35","7","A","1573671524",NULL
"254","35","35","8","A","1573671524",NULL
"255","35","35","9","A","1573671524",NULL
"256","35","35","19","A","1573671524",NULL
"257","35","35","33","A","1573671524",NULL
"258","36","36","6","A","1573673372",NULL
"259","36","36","7","A","1573673372",NULL
"260","36","36","8","A","1573673372",NULL
"261","36","36","9","A","1573673372",NULL
"262","36","36","19","A","1573673372",NULL
"263","36","36","33","A","1573673372",NULL
"264","37","37","6","A","1573676775",NULL
"265","37","37","7","A","1573676775",NULL
"266","37","37","8","A","1573676775",NULL
"267","37","37","9","A","1573676775",NULL
"268","37","37","19","A","1573676775",NULL
"269","37","37","33","A","1573676775",NULL
"270","38","38","6","A","1573679576",NULL
"271","38","38","7","A","1573679576",NULL
"272","38","38","8","A","1573679576",NULL
"273","38","38","9","A","1573679576",NULL
"274","38","38","19","A","1573679576",NULL
"275","38","38","33","A","1573679576",NULL
"276","3","3","1","A","1573727012",NULL
"277","3","3","6","A","1573727012",NULL
"278","3","3","7","A","1573727012",NULL
"279","3","3","8","A","1573727012",NULL
"280","3","3","9","A","1573727012",NULL
"281","39","39","6","A","1573757252",NULL
"282","39","39","7","A","1573757252",NULL
"283","39","39","8","A","1573757252",NULL
"284","39","39","9","A","1573757252",NULL
"285","39","39","33","A","1573757252",NULL
"286","40","40","6","A","1573758907",NULL
"287","40","40","7","A","1573758907",NULL
"288","40","40","8","A","1573758907",NULL
"289","40","40","9","A","1573758907",NULL
"290","40","40","19","A","1573758907",NULL
"291","40","40","33","A","1573758907",NULL
"292","41","41","6","A","1573760155",NULL
"293","41","41","7","A","1573760155",NULL
"294","41","41","8","A","1573760155",NULL
"295","41","41","9","A","1573760155",NULL
"296","41","41","19","A","1573760155",NULL
"297","41","41","33","A","1573760155",NULL
"298","42","42","6","A","1573765812",NULL
"299","42","42","7","A","1573765812",NULL
"300","42","42","8","A","1573765812",NULL
"301","42","42","9","A","1573765812",NULL
"302","42","42","19","A","1573765812",NULL
"303","42","42","33","A","1573765812",NULL
"304","11","9","11","A","1573799059",NULL
"305","11","9","12","A","1573799059",NULL
"306","11","9","13","A","1573799059",NULL
"307","11","9","14","A","1573799059",NULL
"308","11","9","15","A","1573799059",NULL
"309","11","9","16","A","1573799059",NULL
"310","11","9","17","A","1573799059",NULL
"311","11","9","18","A","1573799059",NULL
"312","11","9","19","A","1573799059",NULL
"313","11","9","20","A","1573799059",NULL
"314","8","8","1","A","1573903814",NULL
"315","8","8","6","A","1573903814",NULL
"316","8","8","7","A","1573903814",NULL
"317","8","8","8","A","1573903814",NULL
"318","8","8","9","A","1573903814",NULL
"319","43","61","6","A","1574350134",NULL
"320","43","61","7","A","1574350134",NULL
"321","43","61","8","A","1574350134",NULL
"322","43","61","9","A","1574350134",NULL
"323","43","61","19","A","1574350134",NULL
"324","43","61","33","A","1574350134",NULL
"325","44","62","6","A","1574360194",NULL
"326","44","62","7","A","1574360194",NULL
"327","44","62","8","A","1574360194",NULL
"328","44","62","9","A","1574360194",NULL
"329","44","62","19","A","1574360194",NULL
"330","44","62","33","A","1574360194",NULL
"331","4","4","1","A","1575370917",NULL
"332","4","4","6","A","1575370917",NULL
"333","4","4","7","A","1575370917",NULL
"334","4","4","8","A","1575370917",NULL
"335","4","4","9","A","1575370917",NULL
"336","45","72","1","A","1579508338",NULL
"337","45","72","6","A","1579508338",NULL
"338","45","72","7","A","1579508338",NULL
"339","45","72","8","A","1579508338",NULL
"340","45","72","9","A","1579508338",NULL
"341","45","72","19","A","1579508338",NULL
"342","45","72","20","A","1579508338",NULL
"343","45","72","21","A","1579508338",NULL
"344","45","72","33","A","1579508338",NULL
"345","46","74","6","A","1585151445",NULL
"346","46","74","7","A","1585151445",NULL
"347","46","74","8","A","1585151445",NULL
"348","46","74","9","A","1585151445",NULL
"349","46","74","19","A","1585151445",NULL
"350","46","74","33","A","1585151445",NULL
"351","46","74","36","A","1585151445",NULL
"352","47","75","6","A","1586346474",NULL
"353","47","75","7","A","1586346474",NULL
"354","47","75","8","A","1586346474",NULL
"355","47","75","9","A","1586346474",NULL
"356","47","75","32","A","1586346474",NULL
"357","47","75","36","A","1586346474",NULL
"376","50","71","2","A","1595582843",NULL
"377","50","71","3","A","1595582843",NULL
"378","50","71","4","A","1595582843",NULL
"379","50","71","7","A","1595582843",NULL
"380","50","71","8","A","1595582843",NULL
"381","50","71","12","A","1595582843",NULL
"382","50","71","19","A","1595582843",NULL
"383","50","71","25","A","1595582843",NULL
"384","50","71","32","A","1595582843",NULL
"385","50","71","33","A","1595582843",NULL
"386","50","71","34","A","1595582843",NULL
"387","50","71","35","A","1595582843",NULL
"388","50","71","38","A","1595582843",NULL
"389","51","98","1","A","1598948456",NULL
"390","51","98","2","A","1598948456",NULL
"391","51","98","3","A","1598948456",NULL
"392","51","98","4","A","1598948456",NULL
"393","51","98","5","A","1598948456",NULL
"394","51","98","6","A","1598948456",NULL
"395","51","98","7","A","1598948456",NULL
"396","51","98","8","A","1598948456",NULL
"397","51","98","9","A","1598948456",NULL
"398","51","98","10","A","1598948456",NULL
"399","51","98","11","A","1598948456",NULL
"400","51","98","12","A","1598948456",NULL
"401","51","98","13","A","1598948456",NULL
"402","51","98","14","A","1598948456",NULL
"403","51","98","15","A","1598948456",NULL
"404","51","98","16","A","1598948456",NULL
"405","51","98","17","A","1598948456",NULL
"406","51","98","18","A","1598948456",NULL
"407","51","98","19","A","1598948456",NULL
"408","51","98","20","A","1598948456",NULL
"409","51","98","21","A","1598948456",NULL
"410","51","98","22","A","1598948456",NULL
"411","51","98","23","A","1598948456",NULL
"412","51","98","24","A","1598948456",NULL
"413","51","98","25","A","1598948456",NULL
"414","51","98","26","A","1598948456",NULL
"415","51","98","27","A","1598948456",NULL
"416","51","98","28","A","1598948456",NULL
"417","51","98","29","A","1598948456",NULL
"418","51","98","30","A","1598948456",NULL
"419","51","98","31","A","1598948456",NULL
"420","51","98","32","A","1598948456",NULL
"421","51","98","33","A","1598948456",NULL
"422","51","98","34","A","1598948456",NULL
"423","51","98","35","A","1598948456",NULL
"424","51","98","36","A","1598948456",NULL
"425","51","98","37","A","1598948456",NULL
"426","51","98","38","A","1598948456",NULL
"427","51","98","39","A","1598948456",NULL
"444","54","105","4","A","1601710318",NULL
"445","54","105","5","A","1601710318",NULL
"446","54","105","19","A","1601710318",NULL
"447","54","105","32","A","1601710318",NULL
"448","54","105","34","A","1601710318",NULL
"449","54","105","38","A","1601710318",NULL
"464","53","104","12","A","1604303789",NULL
"465","53","104","14","A","1604303789",NULL
"466","53","104","15","A","1604303789",NULL
"467","53","104","16","A","1604303789",NULL
"468","53","104","19","A","1604303789",NULL
"469","53","104","20","A","1604303789",NULL
"470","53","104","21","A","1604303789",NULL
"471","53","104","23","A","1604303789",NULL
"472","53","104","35","A","1604303789",NULL
"473","53","104","42","A","1604303789",NULL
"474","56","99","1","A","1607160673",NULL
"475","56","99","2","A","1607160673",NULL
"476","56","99","3","A","1607160673",NULL
"477","56","99","4","A","1607160673",NULL
"478","56","99","5","A","1607160673",NULL
"479","56","99","6","A","1607160673",NULL
"480","56","99","7","A","1607160673",NULL
"481","56","99","8","A","1607160673",NULL
"482","56","99","9","A","1607160673",NULL
"483","56","99","10","A","1607160673",NULL
"484","56","99","11","A","1607160673",NULL
"485","56","99","12","A","1607160673",NULL
"486","56","99","13","A","1607160673",NULL
"487","56","99","14","A","1607160673",NULL
"488","56","99","15","A","1607160673",NULL
"489","56","99","16","A","1607160673",NULL
"490","56","99","17","A","1607160673",NULL
"491","56","99","18","A","1607160673",NULL
"492","56","99","19","A","1607160673",NULL
"493","56","99","20","A","1607160673",NULL
"494","56","99","21","A","1607160673",NULL
"495","56","99","22","A","1607160673",NULL
"496","56","99","23","A","1607160673",NULL
"497","56","99","24","A","1607160673",NULL
"498","56","99","25","A","1607160673",NULL
"499","56","99","26","A","1607160673",NULL
"500","56","99","27","A","1607160673",NULL
"501","56","99","28","A","1607160673",NULL
"502","56","99","29","A","1607160673",NULL
"503","56","99","30","A","1607160673",NULL
"504","56","99","31","A","1607160673",NULL
"505","56","99","32","A","1607160673",NULL
"506","56","99","33","A","1607160673",NULL
"507","56","99","34","A","1607160673",NULL
"508","56","99","35","A","1607160673",NULL
"509","56","99","36","A","1607160673",NULL
"510","56","99","37","A","1607160673",NULL
"511","56","99","38","A","1607160673",NULL
"512","56","99","39","A","1607160673",NULL
"513","56","99","40","A","1607160673",NULL
"514","56","99","41","A","1607160673",NULL
"515","56","99","42","A","1607160673",NULL
"516","56","99","43","A","1607160673",NULL
"517","56","99","44","A","1607160673",NULL
"518","56","99","45","A","1607160673",NULL
"519","56","99","46","A","1607160673",NULL
"520","57","121","1","A","1611641754",NULL
"521","57","121","3","A","1611641754",NULL
"522","57","121","4","A","1611641754",NULL
"523","57","121","5","A","1611641754",NULL
"524","57","121","6","A","1611641754",NULL
"525","57","121","7","A","1611641754",NULL
"541","23","22","1","A","1616235870",NULL
"542","23","22","2","A","1616235870",NULL
"543","23","22","6","A","1616235870",NULL
"544","23","22","7","A","1616235870",NULL
"545","23","22","8","A","1616235870",NULL
"546","23","22","9","A","1616235870",NULL
"547","23","22","20","A","1616235870",NULL
"548","23","22","32","A","1616235870",NULL
"549","23","22","34","A","1616235870",NULL
"550","23","22","39","A","1616235870",NULL
"588","61","145","11","A","1625047399",NULL
"589","61","145","12","A","1625047399",NULL
"590","61","145","13","A","1625047399",NULL
"591","61","145","14","A","1625047399",NULL
"592","61","145","15","A","1625047399",NULL
"593","61","145","16","A","1625047399",NULL
"594","61","145","18","A","1625047399",NULL
"595","61","145","19","A","1625047399",NULL
"596","61","145","20","A","1625047399",NULL
"597","61","145","35","A","1625047399",NULL
"598","15","16","1","A","1626952521",NULL
"599","15","16","6","A","1626952521",NULL
"600","15","16","7","A","1626952521",NULL
"601","15","16","8","A","1626952521",NULL
"602","15","16","9","A","1626952521",NULL
"603","15","16","21","A","1626952521",NULL
"604","62","147","1","A","1627114913",NULL
"605","62","147","6","A","1627114913",NULL
"606","62","147","7","A","1627114913",NULL
"607","62","147","8","A","1627114913",NULL
"608","62","147","9","A","1627114913",NULL
"609","62","147","19","A","1627114913",NULL
"610","62","147","20","A","1627114913",NULL
"611","62","147","21","A","1627114913",NULL
"612","62","147","33","A","1627114913",NULL
"613","63","148","6","A","1627121981",NULL
"614","63","148","7","A","1627121981",NULL
"615","63","148","9","A","1627121981",NULL
"616","63","148","27","A","1627121981",NULL
"617","63","148","28","A","1627121981",NULL
"618","63","148","29","A","1627121981",NULL
"619","63","148","30","A","1627121981",NULL
"620","63","148","31","A","1627121981",NULL
"621","63","148","37","A","1627121981",NULL
"622","64","152","6","A","1628851929",NULL
"623","64","152","7","A","1628851929",NULL
"624","64","152","8","A","1628851929",NULL
"625","64","152","9","A","1628851929",NULL
"626","64","152","32","A","1628851929",NULL
"627","64","152","36","A","1628851929",NULL
"630","65","153","1","A","1632379553",NULL
"631","65","153","7","A","1632379553",NULL
"641","66","180","2","A","1645200266",NULL
"642","66","180","5","A","1645200266",NULL
"643","66","180","8","A","1645200266",NULL
"644","66","180","19","A","1645200266",NULL
"645","66","180","25","A","1645200266",NULL
"646","66","180","32","A","1645200266",NULL
"647","66","180","33","A","1645200266",NULL
"648","66","180","34","A","1645200266",NULL
"649","66","180","38","A","1645200266",NULL
"650","67","182","1","A","1645315984",NULL
"651","67","182","6","A","1645315984",NULL
"652","67","182","7","A","1645315984",NULL
"653","67","182","8","A","1645315984",NULL
"654","67","182","9","A","1645315984",NULL
"655","68","225","1","A","1683113359",NULL
"656","68","225","6","A","1683113359",NULL
"657","68","225","7","A","1683113359",NULL
"658","68","225","8","A","1683113359",NULL
"659","68","225","9","A","1683113359",NULL
"660","68","225","21","A","1683113359",NULL
"677","5","5","1","A","1687943135",NULL
"678","5","5","6","A","1687943135",NULL
"679","5","5","7","A","1687943135",NULL
"680","5","5","8","A","1687943135",NULL
"681","5","5","9","A","1687943135",NULL
"682","5","5","18","A","1687943135",NULL
"683","5","5","23","A","1687943135",NULL
"684","5","5","36","A","1687943135",NULL
"685","5","5","41","A","1687943135",NULL
"686","25","2","1","A","1690205282",NULL
"687","25","2","2","A","1690205282",NULL
"688","25","2","3","A","1690205282",NULL
"689","25","2","4","A","1690205282",NULL
"690","25","2","5","A","1690205282",NULL
"691","25","2","6","A","1690205282",NULL
"692","25","2","7","A","1690205282",NULL
"693","25","2","8","A","1690205282",NULL
"694","25","2","9","A","1690205282",NULL
"695","25","2","12","A","1690205282",NULL
"696","25","2","19","A","1690205282",NULL
"697","25","2","20","A","1690205282",NULL
"698","25","2","21","A","1690205282",NULL
"699","25","2","22","A","1690205282",NULL
"700","25","2","32","A","1690205282",NULL
"701","25","2","33","A","1690205282",NULL
"719","10","9","3","A","1695286123",NULL
"720","10","9","11","A","1695286123",NULL
"721","10","9","13","A","1695286123",NULL
"722","10","9","14","A","1695286123",NULL
"723","10","9","15","A","1695286123",NULL
"724","10","9","16","A","1695286123",NULL
"725","10","9","17","A","1695286123",NULL
"726","10","9","18","A","1695286123",NULL
"727","10","9","19","A","1695286123",NULL
"728","10","9","20","A","1695286123",NULL
"729","59","143","3","A","1695549775",NULL
"730","59","143","8","A","1695549775",NULL
"731","59","143","15","A","1695549775",NULL
"732","59","143","16","A","1695549775",NULL
"733","59","143","20","A","1695549775",NULL
"734","59","143","21","A","1695549775",NULL
"735","59","143","24","A","1695549775",NULL
"736","59","143","25","A","1695549775",NULL
"737","59","143","26","A","1695549775",NULL
"738","59","143","34","A","1695549775",NULL
"739","59","143","35","A","1695549775",NULL
"740","59","143","36","A","1695549775",NULL
"746","49","95","1","A","1715078021",NULL
"747","49","95","6","A","1715078021",NULL
"748","49","95","8","A","1715078021",NULL
"749","49","95","19","A","1715078021",NULL
"750","49","95","20","A","1715078021",NULL
"751","49","95","33","A","1715078021",NULL
"752","49","95","34","A","1715078021",NULL
"753","49","95","37","A","1715078021",NULL
"754","71","273","1","A","1717672577",NULL
"755","71","273","6","A","1717672577",NULL
"756","71","273","7","A","1717672577",NULL
"757","71","273","8","A","1717672577",NULL
"758","71","273","9","A","1717672577",NULL
"759","52","101","19","A","1724333907",NULL
"760","52","101","21","A","1724333907",NULL
"761","52","101","34","A","1724333907",NULL
"762","52","101","40","A","1724333907",NULL
"763","52","101","41","A","1724333907",NULL
"764","52","101","42","A","1724333907",NULL
"765","52","101","43","A","1724333907",NULL
"766","52","101","46","A","1724333907",NULL
"767","72","299","19","A","1724398443",NULL
"768","72","299","21","A","1724398443",NULL
"769","72","299","34","A","1724398443",NULL
"770","72","299","40","A","1724398443",NULL
"771","72","299","41","A","1724398443",NULL
"772","72","299","42","A","1724398443",NULL
"773","72","299","43","A","1724398443",NULL
"774","72","299","46","A","1724398443",NULL
"775","73","367","1","A","1762339310",NULL
"776","73","367","6","A","1762339310",NULL
"777","73","367","7","A","1762339310",NULL
"778","73","367","8","A","1762339310",NULL
"779","73","367","9","A","1762339310",NULL
"780","6","6","53","A","1780387297",NULL
"781","6","6","54","A","1780387297",NULL
"782","6","6","55","A","1780387297",NULL
"783","6","6","56","A","1780387297",NULL
"784","6","6","57","A","1780387297",NULL
"785","6","6","58","A","1780387297",NULL
"786","6","6","59","A","1780387297",NULL
"787","6","6","60","A","1780387297",NULL
"788","6","6","61","A","1780387297",NULL
"789","6","6","62","A","1780387297",NULL
"790","6","6","63","A","1780387297",NULL
"791","6","6","64","A","1780387297",NULL
"792","6","6","65","A","1780387297",NULL
"793","6","6","66","A","1780387297",NULL
"794","6","6","67","A","1780387297",NULL
"795","6","6","68","A","1780387297",NULL
"796","6","6","69","A","1780387297",NULL
"797","6","6","70","A","1780387297",NULL
"798","6","6","71","A","1780387297",NULL
"799","6","6","72","A","1780387297",NULL
