"id","course_id","course_promo_video_name","position_order","status","added_date","modified_date","promo_video_details"
"1","6","Promotional Video Name",NULL,"A","2020-10-12 17:40:43","2020-12-22 18:46:51","[{""header_text"":""Career in M&A"",""normal_text"":""<p>Abhyuday Agrawal<\/p>\r\n"",""youtube_link"":""https:\/\/www.youtube.com\/embed\/HNaExFQNjlE"",""image_name"":""Untitled-3_1602751991.jpg""},{""header_text"":""Scheme of Mergers and Amalgamation"",""normal_text"":""<p>Kunal Tandon and Kanika Jain<\/p>\r\n"",""youtube_link"":""https:\/\/www.youtube.com\/embed\/U7dLTJD_AqE"",""image_name"":""Untitled-4_1602752280.jpg""},{""header_text"":""How is the industry being affected by Covid and future impact on M&A"",""normal_text"":""<p>Nitin Poltdar<\/p>\r\n"",""youtube_link"":""https:\/\/www.youtube.com\/embed\/KDS7b0TO-YY"",""image_name"":""Untitled-5_1602752365_1606820175.jpg""}]"
"2","102","Promotional Video Name",NULL,"A","2020-10-31 16:57:36",NULL,"[{""header_text"":""Scheme of Mergers and Amalgamation"",""normal_text"":""<p><strong>Career in M&amp;A<\/strong><br \/>\r\nAbhyuday Agrawal<\/p>\r\n"",""youtube_link"":""https:\/\/www.youtube.com\/watch?v=HNaExFQNjlE"",""image_name"":""Untitled-3_1604143656.jpg""}]"
"3","118","Promotional Video Name",NULL,"A","2020-12-05 11:35:17","2020-12-05 11:36:02","[{""header_text"":""Header-1"",""normal_text"":""<p>Lorem ipsum-1<\/p>\r\n"",""youtube_link"":""https:\/\/www.youtube.com\/watch?v=cg5UJq3Pm5w"",""image_name"":""logo-1_1607148317.jpg""},{""header_text"":""Header-2"",""normal_text"":""<p>Lorem Ipsum-2<\/p>\r\n"",""youtube_link"":""https:\/\/www.youtube.com\/watch?v=cg5UJq3Pm5w"",""image_name"":""LawSikho_Testimonial_Image_1590749658_1607148362.jpg""},{""header_text"":""Header-3"",""normal_text"":""<p>LOrem-ipsum-3<\/p>\r\n"",""youtube_link"":""https:\/\/www.youtube.com\/watch?v=cg5UJq3Pm5w"",""image_name"":""logo-2_1607148362.jpg""}]"
"4","119","Promotional Video Name",NULL,"A","2020-12-28 18:25:44",NULL,NULL
"5","120","Promotional Video Name",NULL,"A","2021-01-06 13:28:25",NULL,NULL
"6","121","Promotional Video Name",NULL,"A","2021-01-26 10:58:38","2021-02-17 17:44:25","[{""header_text"":""Header-1"",""normal_text"":""<p><span style=\""color:rgb(0, 0, 0); font-family:open sans,arial,sans-serif; font-size:14px; text-align:justify\"">It is a long established fact that a reader will be distracted by the readable content of a page when looking at its layout. The point of using Lorem Ipsum is that it has a more-or-less normal distribution of letters, as opposed to using &#39;Content here, content here&#39;, making it look like readable English. Many desktop publishing packages and web page editors now use Lorem Ipsum as their default model text, and a search for &#39;lorem ipsum&#39; will uncover many web sites still in their infancy. Various versions have evolved over the years, sometimes by accident, sometimes on purpose (injected humour and the like).<\/span><\/p>\r\n"",""youtube_link"":""https:\/\/www.youtube.com\/embed\/SWqaDnEMnhI"",""image_name"":""logo2-1613564064.jpg""},{""header_text"":""Header-2"",""normal_text"":""<p><span style=\""color:rgb(0, 0, 0); font-family:open sans,arial,sans-serif; font-size:14px; text-align:justify\"">There are many variations of passages of Lorem Ipsum available, but the majority have suffered alteration in some form, by injected humour, or randomised words which don&#39;t look even slightly believable. If you are going to use a passage of Lorem Ipsum, you need to be sure there isn&#39;t anything embarrassing hidden in the middle of text. All the Lorem Ipsum generators on the Internet tend to repeat predefined chunks as necessary, making this the first true generator on the Internet. It uses a dictionary of over 200 Latin words, combined with a handful of model sentence structures, to generate Lorem Ipsum which looks reasonable. The generated Lorem Ipsum is therefore always free from repetition, injected humour, or non-characteristic words etc.<\/span><\/p>\r\n"",""youtube_link"":""https:\/\/www.youtube.com\/embed\/SWqaDnEMnhI"",""image_name"":""logo-2_1611645115.jpg""}]"
"7","122","Promotional Video Name",NULL,"A","2021-02-03 16:15:42",NULL,NULL
"8","123","Promotional Video Name",NULL,"A","2021-02-05 13:37:21",NULL,NULL
"9","99","Promotional Video Name",NULL,"A","2021-02-10 11:06:30","2021-05-31 17:13:40","[{""header_text"":""Header -1"",""normal_text"":""<p>Insolvency of Individuals and Firms, Kunal Tandon<\/p>\r\n"",""youtube_link"":""https:\/\/www.youtube.com\/embed\/6-s9iBLtLwk"",""image_name"":""maxresdefault-1622461420.jpg""}]"
"10","124","Promotional Video Name",NULL,"A","2021-02-10 12:09:58",NULL,NULL
"11","6","Promotional Video Name",NULL,"P","2021-02-12 18:14:39","2023-12-04 19:33:56","[{""header_text"":""Career in M&A"",""normal_text"":""<p>Abhyuday Agrawal<\/p>\r\n\r\n<div id=\""WRWHOISInstalled\"" style=\""display: none;\"">&nbsp;<\/div>\r\n"",""youtube_link"":""https:\/\/www.youtube.com\/embed\/HNaExFQNjlE"",""image_name"":""maxresdefault-1613133877.jpg""},{""header_text"":""Scheme of Mergers and Amalgamation"",""normal_text"":""<p><span id=\""docs-internal-guid-47140c84-7fff-ad02-1d84-12afd533c480\""><span style=\""background-color:transparent; color:rgb(0, 0, 0); font-family:arial; font-size:12pt; font-variant-east-asian:normal; font-variant-numeric:normal; vertical-align:baseline; white-space:pre-wrap\"">Kunal Tandon and Kanika Jain<\/span><\/span><\/p>\r\n"",""youtube_link"":""https:\/\/www.youtube.com\/embed\/U7dLTJD_AqE"",""image_name"":""maxresdefault2-1613135598.jpg""},{""header_text"":""How is the industry being affected by Covid and its future impact on M&A?"",""normal_text"":""<p><strong>Nitin Potdar<\/strong><\/p>\r\n\r\n<div id=\""gtx-trans\"" style=\""position: absolute; left: 337px; top: -6px;\"">\r\n<div class=\""gtx-trans-icon\"">\u00a0<\/div>\r\n<\/div>\r\n"",""youtube_link"":""https:\/\/www.youtube.com\/watch?v=KDS7b0TO-YY"",""image_name"":""feedbackimage-1616567477.jpg""}]"
"12","5","Promotional Video Name",NULL,"P","2021-02-12 19:52:51","2023-12-05 17:32:24","[{""header_text"":""Why should Indian lawyers learn about GDPR?"",""normal_text"":""<p><span id=\""docs-internal-guid-04e06397-7fff-af1c-7f5d-c6ec2d310f4f\""><span style=\""background-color:transparent; color:rgb(0, 0, 0); font-family:arial; font-size:12pt; font-variant-east-asian:normal; font-variant-numeric:normal; vertical-align:baseline; white-space:pre-wrap\"">Ramanuj Mukherjee<\/span><\/span><\/p>\r\n"",""youtube_link"":""https:\/\/www.youtube.com\/embed\/3j8OUgIRx4w"",""image_name"":""maxresdefault1-1613139767.jpg""},{""header_text"":""How to deal with cyber blackmailing and online fraudsters?"",""normal_text"":""<p><span id=\""docs-internal-guid-8548c04e-7fff-9a2d-bbb7-e67acc4e098c\""><span style=\""background-color:transparent; color:rgb(0, 0, 0); font-family:arial; font-size:12pt; font-variant-east-asian:normal; font-variant-numeric:normal; vertical-align:baseline; white-space:pre-wrap\"">Ramanuj Mukherjee<\/span><\/span><\/p>\r\n"",""youtube_link"":""https:\/\/www.youtube.com\/embed\/GHgckBJELUs"",""image_name"":""maxresdefault2-1613139769.jpg""},{""header_text"":""Future of cryptocurrency and blockchain in India"",""normal_text"":""<p><span id=\""docs-internal-guid-0741c0e6-7fff-0b42-ec06-e086c4a358bd\""><span style=\""background-color:transparent; color:rgb(0, 0, 0); font-family:arial; font-size:12pt; font-variant-east-asian:normal; font-variant-numeric:normal; vertical-align:baseline; white-space:pre-wrap\"">Ramanuj Mukherjee and Ajeet Khurana<\/span><\/span><\/p>\r\n"",""youtube_link"":""https:\/\/www.youtube.com\/embed\/Rcm0J4bTst0"",""image_name"":""maxresdefault3-1613139770.jpg""}]"
"13","125","Promotional Video Name",NULL,"A","2021-03-19 14:10:50",NULL,NULL
"14","4","Promotional Video Name",NULL,"P","2021-03-30 13:12:19","2023-12-07 11:11:52","[{""header_text"":""Financing Real Estate Projects"",""normal_text"":""<p>Sadhav Mishra and Komal Shah<\/p>\r\n"",""youtube_link"":""https:\/\/www.youtube.com\/embed\/sEpj1GnjVMI"",""image_name"":""maxresdefault-1617090137.jpg""},{""header_text"":""What can you do if the tenant is neither paying rent, nor vacating the property?"",""normal_text"":""<p>Ishan Mukherji, Irshaan Kakar and Pranav Tomar<\/p>\r\n"",""youtube_link"":""https:\/\/www.youtube.com\/embed\/E1afpEFW_9Q"",""image_name"":""maxresdefault1-1617090138.jpg""},{""header_text"":""How to make a career in Real Estate Laws?"",""normal_text"":""<p>Kapil Madan and Ramanuj Mukherjee<\/p>\r\n"",""youtube_link"":""https:\/\/www.youtube.com\/embed\/1_yE1zxAt8Q"",""image_name"":""maxresdefault2-1617090139.jpg""}]"
"15","126","Promotional Video Name",NULL,"P","2021-04-07 18:59:27","2023-12-05 16:36:44","[{""header_text"":""Trade dress and passing off protection in India, US and UK"",""normal_text"":"""",""youtube_link"":""https:\/\/www.youtube.com\/embed\/5TpDmnplxvk"",""image_name"":""d-1622544691.jpeg""},{""header_text"":""The significance of International Intellectual Property law and its harmonization with the national laws"",""normal_text"":""s"",""youtube_link"":""https:\/\/www.youtube.com\/embed\/pX4VL4GkKwU"",""image_name"":""e-1622544691.jpeg""},{""header_text"":""Introduction to the UK trademark law "",""normal_text"":""s"",""youtube_link"":""https:\/\/www.youtube.com\/embed\/SfgrX3r-bdk"",""image_name"":""f-1622544691.jpeg""}]"
"16","127","Promotional Video Name",NULL,"A","2021-04-08 16:21:27",NULL,NULL
"17","128","Promotional Video Name",NULL,"A","2021-04-09 10:44:27",NULL,NULL
"18","129","Promotional Video Name",NULL,"A","2021-04-10 11:36:22",NULL,NULL
"19","130","Promotional Video Name",NULL,"A","2021-04-11 14:41:47","2021-06-01 15:40:26","[{""header_text"":""How to crack the AOR Exam and become an Advocate-on-Record of the Supreme Court"",""normal_text"":""<p>Abhyuday Agarwal<\/p>\r\n"",""youtube_link"":""https:\/\/www.youtube.com\/embed\/EYfcEppM0T4"",""image_name"":""a-1622542225.jpeg""},{""header_text"":""Limits on Freedom of Speech and Expression in the light of Supreme Court Judgements"",""normal_text"":""<p>Dushyant Dave<\/p>\r\n"",""youtube_link"":""https:\/\/www.youtube.com\/embed\/Rz2dYXzM9MI"",""image_name"":""b-1622542225.jpeg""},{""header_text"":""Supreme Court Drafting- Step-by-step process and what you need to master "",""normal_text"":""<p>Sanchita Ain<\/p>\r\n"",""youtube_link"":""https:\/\/www.youtube.com\/embed\/Jp4tvfsOsUo"",""image_name"":""c-1622542225.jpeg""}]"
"20","131","Promotional Video Name",NULL,"P","2021-04-16 21:51:38","2023-12-06 14:20:15","[{""header_text"":""How to find commercial contract drafting work as a freelancer- step by step guide "",""normal_text"":""<p>Abhyuday Agarwal&nbsp;<\/p>\r\n"",""youtube_link"":""https:\/\/www.youtube.com\/embed\/38eIFZGpjvo"",""image_name"":""i-1622546770.jpeg""},{""header_text"":""Where can I find work after I learn contract drafting"",""normal_text"":""<p>Abhyuday Agarwal<\/p>\r\n"",""youtube_link"":""https:\/\/www.youtube.com\/embed\/z9F1kJWiyo4"",""image_name"":""j-1622546770.jpeg""},{""header_text"":""Webinar on "",""normal_text"":""w"",""youtube_link"":""https:\/\/www.youtube.com\/embed\/_-nP4d_IlyQ"",""image_name"":""k-1622546770.jpeg""}]"
"21","132","Promotional Video Name",NULL,"P","2021-04-17 15:17:04","2023-12-05 10:21:59","[{""header_text"":""INTERNATIONAL OPPORTUNITIES IN CONTRACT DRAFTING"",""normal_text"":""<p>Ramanuj Mukherjee<\/p>\r\n"",""youtube_link"":""https:\/\/youtu.be\/PhYWXYCg2DA?si=3yBACkxOxvWA_jp7"",""image_name"":""internationalopportunitiesincontractdrafting-1693971669.jpg""},{""header_text"":""Here's How I Learnt What's Different in Drafting Agreements for International Clients"",""normal_text"":""<p>Vibha Oswal<\/p>\r\n"",""youtube_link"":""https:\/\/youtu.be\/68DITTxKyzY?si=7PXJ-hxPize11m7g"",""image_name"":""hereshowilearntwhatsdifferentindraftingagreementsforinternationalclientslawsikho-1693971669.jpg""},{""header_text"":""International Opportunities in Contract Drafting"",""normal_text"":""<p>Rudresh Batra<\/p>\r\n"",""youtube_link"":""https:\/\/www.youtube.com\/live\/aXRxK6I1bJQ?si=BTcX44qxWbc2dBQ9"",""image_name"":""internationalopportunitiesincontractdraftingrudreshbatra-1693971669.jpg""}]"
"22","133","Promotional Video Name",NULL,"A","2021-04-24 19:47:13",NULL,NULL
"23","134","Promotional Video Name",NULL,"A","2021-04-26 12:45:28",NULL,NULL
"24","135","Promotional Video Name",NULL,"A","2021-05-19 16:21:49","2023-09-11 02:16:05","[{""header_text"":""MBA In Data Privacy Laws"",""normal_text"":""<p>LawSikho<\/p>\r\n"",""youtube_link"":""https:\/\/youtu.be\/Of9O___VO6c?si=AnY3gHrtWEVUObn3"",""image_name"":""sddefault-1694378765.jpg""},{""header_text"":""Benefits of MBA after a law degree"",""normal_text"":""<p>Amit Kumar Bhattacharyya<\/p>\r\n"",""youtube_link"":""https:\/\/www.youtube.com\/live\/kTHg86iTU1s?si=Uv6TuD_4cZoqZbYw"",""image_name"":""maxresdefault-1694378765.jpg""},{""header_text"":""Opportunities in data and privacy management"",""normal_text"":""<p>\ud835\udde0\ud835\uddff. \ud835\uddec\ud835\uddfc\ud835\uddff\ud835\uddee\ud835\uddfa \ud835\udde0. \ud835\udde5\ud835\uddfc\ud835\uddf2\ud835\uddfa\ud835\uddf2\ud835\uddff\ud835\ude00\ud835\uddfa\ud835\uddee | LawSikho<\/p>\r\n"",""youtube_link"":""https:\/\/www.youtube.com\/live\/huHc6niCZyY?si=tL6t6NveVUql5bVY"",""image_name"":""maxresdefault1-1694378765.jpg""}]"
"25","136","Promotional Video Name",NULL,"A","2021-05-26 17:08:24","2023-09-10 21:12:22","[{""header_text"":""Opportunities in data and privacy management"",""normal_text"":""<p>\ud835\udde0\ud835\uddff. \ud835\uddec\ud835\uddfc\ud835\uddff\ud835\uddee\ud835\uddfa \ud835\udde0. \ud835\udde5\ud835\uddfc\ud835\uddf2\ud835\uddfa\ud835\uddf2\ud835\uddff\ud835\ude00\ud835\uddfa\ud835\uddee | LawSikho<\/p>\r\n"",""youtube_link"":""https:\/\/www.youtube.com\/live\/huHc6niCZyY?si=36M7BtyejJQhvYnU"",""image_name"":""maxresdefault7-1694360542.jpg""},{""header_text"":""What kind of data protection work tech lawyers do? | Tech Law | Data Protection"",""normal_text"":""<p>LawSikho<\/p>\r\n"",""youtube_link"":""https:\/\/youtu.be\/XV9oktXA-Lg?si=ARKGHiqnhyej_OH-"",""image_name"":""maxresdefault6-1694360542.jpg""},{""header_text"":""What does it take to become a technology lawyer and work for global tech companies like Netflix?"",""normal_text"":""<p>LawSikho<\/p>\r\n"",""youtube_link"":""https:\/\/youtu.be\/I4apea0b4q8?si=vnSV-nMpZgYh4eJe"",""image_name"":""maxresdefault5-1694360542.jpg""}]"
"26","137","Promotional Video Name",NULL,"A","2021-05-27 19:46:59",NULL,NULL
"27","138","Promotional Video Name",NULL,"A","2021-05-31 13:23:50",NULL,NULL
"28","14","Promotional Video Name",NULL,"A","2021-05-31 18:00:10",NULL,"[{""header_text"":""Insolvency of Individuals and Firms"",""normal_text"":""<p>Kunal Tandon<\/p>\r\n"",""youtube_link"":""https:\/\/www.youtube.com\/embed\/6-s9iBLtLwk"",""image_name"":""maxresdefault-1622464209.jpeg""},{""header_text"":""Insolvency & Bankruptcy Code: Highlights of 2020-"",""normal_text"":""<p>Amir Bavani, Principal Associate- Dhir and Dhir<\/p>\r\n"",""youtube_link"":""https:\/\/www.youtube.com\/embed\/Ko_DvzVHHZo"",""image_name"":""a-1622464209.jpeg""},{""header_text"":""Traits you need to develop to work as a corporate litigator"",""normal_text"":""<p>Isha Sinha<\/p>\r\n"",""youtube_link"":""https:\/\/www.youtube.com\/embed\/PcAHy2kwOQE"",""image_name"":""b-1622464209.jpeg""},{""header_text"":""How to make a career as a lawyer appearing before NCLT?"",""normal_text"":""<p>Prabal Goel<\/p>\r\n"",""youtube_link"":""https:\/\/www.youtube.com\/embed\/lsq0TOuh67A"",""image_name"":""c-1622464210.jpeg""}]"
"29","92","Promotional Video Name",NULL,"A","2021-05-31 18:36:03",NULL,"[{""header_text"":""15 things about Company Law that any lawyer needs to know"",""normal_text"":""<p>Komal Shah<\/p>\r\n"",""youtube_link"":""https:\/\/www.youtube.com\/embed\/Xg0n1_0BbYc"",""image_name"":""d-1622466363.jpeg""},{""header_text"":""Role of corporate lawyers in M&A transactions in India-"",""normal_text"":""<p>Pranav Srivastava, Partner at Phoenix Legal<\/p>\r\n"",""youtube_link"":""https:\/\/www.youtube.com\/embed\/VcRrrWN8Sr0"",""image_name"":""e-1622466363.jpeg""}]"
"30","76","Promotional Video Name",NULL,"P","2021-06-01 10:18:07","2023-12-07 15:10:36","[{""header_text"":""Lawsikho Contract Drafting Checklist for Essential Clauses in a Contract"",""normal_text"":"""",""youtube_link"":""https:\/\/www.youtube.com\/embed\/NTdOYpOYWiM"",""image_name"":""b-1622522887.jpeg""}]"
"31","78","Promotional Video Name",NULL,"P","2021-06-01 10:25:32","2023-12-04 19:32:15","[{""header_text"":""How to improve your English when you are a law student"",""normal_text"":""<p>Ramanuj Mukherjee<\/p>\r\n"",""youtube_link"":""https:\/\/www.youtube.com\/embed\/_SXXfWMvYK4"",""image_name"":""c-1622523331.jpeg""},{""header_text"":""How to go from speaking broken English to flawless speech in 1 year"",""normal_text"":""<p>Ramanuj Mukherjee<\/p>\r\n"",""youtube_link"":""https:\/\/www.youtube.com\/embed\/Y8Nj69a7XSE"",""image_name"":""d-1622523331.jpeg""},{""header_text"":""7 things lawyers need to do to improve their English | Beginner level "",""normal_text"":""<p>Abhyuday Agarwal | LawSikho<\/p>\r\n"",""youtube_link"":""https:\/\/youtu.be\/06Jj93AqwHY?si=PbVlJBda5rvI-RbJ"",""image_name"":""maxresdefault-1694632110.jpg""}]"
"32","3","Promotional Video Name",NULL,"P","2021-06-01 10:49:47","2023-12-06 08:04:42","[{""header_text"":""How to make career in Criminal Litigation?"",""normal_text"":"""",""youtube_link"":""https:\/\/www.youtube.com\/embed\/Nz77l0Z2QmY"",""image_name"":""d1622525083-1692799886.jpeg""},{""header_text"":""Introduction to the law of Criminal Procedure "",""normal_text"":""<p>- By LawSikho<\/p>\r\n"",""youtube_link"":""https:\/\/www.youtube.com\/embed\/qYUK1gWTI5o"",""image_name"":""b-1622524896.jpeg""},{""header_text"":""\ud835\udff1 \ud835\uddf5\ud835\uddf6\ud835\uddf4\ud835\uddf5\ud835\uddf9\ud835\ude06 \ud835\ude00\ud835\uddfd\ud835\uddf2\ud835\uddf0\ud835\uddf6\ud835\uddee\ud835\uddf9\ud835\uddf6\ud835\ude07\ud835\uddf2\ud835\uddf1 \ud835\uddee\ud835\uddff\ud835\uddf2\ud835\uddee\ud835\ude00 \ud835\uddfc\ud835\uddf3 \ud835\uddf0\ud835\uddff\ud835\uddf6\ud835\uddfa\ud835\uddf6\ud835\uddfb\ud835\uddee\ud835\uddf9 \ud835\uddf9\ud835\uddee\ud835\ude04 \ud835\uddfd\ud835\uddff\ud835\uddee\ud835\uddf0\ud835\ude01\ud835\uddf6\ud835\uddf0\ud835\uddf2 \ud835\ude01\ud835\uddf5\ud835\uddee\ud835\ude01 \ud835\ude04\ud835\uddf6\ud835\uddf9\ud835\uddf9 \ud835\uddef\ud835\uddf2 \ud835\uddf6\ud835\uddfb \ud835\uddf5\ud835\uddf6\ud835\uddf4\ud835\uddf5 \ud835\uddf1\ud835\uddf2\ud835\uddfa\ud835\uddee\ud835\uddfb\ud835\uddf1 \ud835\uddf6\ud835\uddfb \ud835\ude06\ud835\uddf2\ud835\uddee\ud835\uddff\ud835\ude00 \ud835\ude01\ud835\uddfc \ud835\uddf0\ud835\uddfc\ud835\uddfa\ud835\uddf2"",""normal_text"":""<p>\u00a0- Abhyuday Agarwal<\/p>\r\n"",""youtube_link"":""https:\/\/www.youtube.com\/embed\/BFC1itUlVys"",""image_name"":""a-1622524985.jpeg""}]"
"33","105","Promotional Video Name",NULL,"A","2021-06-01 11:25:01",NULL,"[{""header_text"":""International Arbitration as a career option "",""normal_text"":""<p>- Shatarupa Choudhury<\/p>\r\n"",""youtube_link"":""https:\/\/www.youtube.com\/embed\/v1yWtueKoDU"",""image_name"":""e-1622526901.jpeg""},{""header_text"":""Applicability of part 1 of Arbitration and Conciliation Act in International Commercial Arbitration"",""normal_text"":"""",""youtube_link"":""https:\/\/www.youtube.com\/embed\/2dVn2i8lZvA"",""image_name"":""f-1622526901.jpeg""}]"
"34","13","Promotional Video Name",NULL,"P","2021-06-01 11:30:54","2023-12-06 16:39:01","[{""header_text"":""Career as an arbitration lawyer in India"",""normal_text"":"""",""youtube_link"":""https:\/\/www.youtube.com\/embed\/NiIrMYpPo84"",""image_name"":""g-1622527254.jpeg""}]"
"35","17","Promotional Video Name",NULL,"P","2021-06-01 12:28:51","2023-12-06 13:16:18","[{""header_text"":""How to choose your area in civil litigation?"",""normal_text"":"""",""youtube_link"":""https:\/\/www.youtube.com\/embed\/X38riYKZKGc"",""image_name"":""a-1622530730.jpeg""},{""header_text"":"""",""normal_text"":null,""youtube_link"":"""",""image_name"":""d-1622532360.jpeg""}]"
"36","95","Promotional Video Name",NULL,"P","2021-06-01 13:30:06","2023-12-06 11:57:06","[{""header_text"":""How the new Labour codes will impact the work of HR Managers  "",""normal_text"":""<p>Abhyuday Agarwal<\/p>\r\n"",""youtube_link"":""https:\/\/www.youtube.com\/embed\/r9ArUo2ihqk"",""image_name"":""e-1622534406.jpeg""},{""header_text"":""Post lockdown implications for Employees and the workforce"",""normal_text"":""<p>Ashok Naik, Abhyuday Agarwal, Poornima Jacob<\/p>\r\n"",""youtube_link"":""https:\/\/www.youtube.com\/embed\/HnR8e3UFCOo"",""image_name"":""f-1622534406.jpeg""},{""header_text"":""Career opportunities for Lawyers interested in Employment Laws"",""normal_text"":""<p>Deeksha Malik, Abhyuday Agarwal<\/p>\r\n"",""youtube_link"":""https:\/\/www.youtube.com\/embed\/74IlanN4Jgs"",""image_name"":""i-1622534406.jpeg""}]"
"37","72","Promotional Video Name",NULL,"A","2021-06-01 13:48:54",NULL,"[{""header_text"":""Amazing career opportunities in competition law "",""normal_text"":""<p>Abhyuday Agarwal and Sweta Rath<\/p>\r\n"",""youtube_link"":""https:\/\/www.youtube.com\/embed\/H_oh2nDACKs"",""image_name"":""a-1622535534.jpeg""},{""header_text"":""How to conduct a preliminary assessment of M&A transactions under the Competition Act? "",""normal_text"":""<p>Sweta Rath<\/p>\r\n"",""youtube_link"":""https:\/\/www.youtube.com\/embed\/7aPtipmRsyU"",""image_name"":""b-1622535534.jpeg""}]"
"38","22","Promotional Video Name",NULL,"P","2021-06-01 13:55:37","2023-12-07 13:39:32","[{""header_text"":""How to succeed as an in-house counsel "",""normal_text"":"""",""youtube_link"":""https:\/\/www.youtube.com\/embed\/PI9J7bny-Hg"",""image_name"":""c-1622535937.jpeg""}]"
"39","120","Promotional Video Name",NULL,"A","2021-06-01 15:17:39","2021-06-01 15:21:12","[{""header_text"":""How to crack the AOR Exam and become an Advocate-on-Record of the Supreme Court"",""normal_text"":""<p>Abhyuday Agarwal<\/p>\r\n"",""youtube_link"":""https:\/\/www.youtube.com\/embed\/EYfcEppM0T4"",""image_name"":""i-1622540859.jpeg""},{""header_text"":""Limits on Freedom of Speech and Expression in the light of Supreme Court Judgements "",""normal_text"":""<p>Dushyant Dave<\/p>\r\n"",""youtube_link"":""https:\/\/www.youtube.com\/embed\/Rz2dYXzM9MI"",""image_name"":""j-1622540859.jpeg""},{""header_text"":""How newcomers can set up successful Supreme Court practice"",""normal_text"":""<p>Sanchita Ain &amp; Abhyuday Agarwal<\/p>\r\n"",""youtube_link"":""https:\/\/www.youtube.com\/embed\/KFtsP7emaXc"",""image_name"":""k-1622541072.jpeg""},{""header_text"":""Supreme Court Drafting- Step-by-step process and what you need to master"",""normal_text"":""<p>Sanchita Ain<\/p>\r\n"",""youtube_link"":""https:\/\/www.youtube.com\/embed\/Jp4tvfsOsUo"",""image_name"":""l-1622541072.jpeg""}]"
"40","2","Promotional Video Name",NULL,"P","2021-06-01 15:56:40","2023-12-05 17:21:41","[{""header_text"":""Where can I find work after I learn contract drafting"",""normal_text"":""<p>Abhyuday Agarwal<\/p>\r\n"",""youtube_link"":""https:\/\/www.youtube.com\/embed\/z9F1kJWiyo4"",""image_name"":""d-1622543200.jpeg""},{""header_text"":""Drafting technology transfer & licensing agreements"",""normal_text"":""<p>Ashok Ram Kumar<\/p>\r\n"",""youtube_link"":""https:\/\/www.youtube.com\/embed\/YboaVlrMgTo"",""image_name"":""e-1622543200.jpeg""},{""header_text"":""11 benefits of being a freelance contract drafting lawyer"",""normal_text"":""<p>Abhyuday Agarwal<\/p>\r\n"",""youtube_link"":""https:\/\/www.youtube.com\/watch?v=bYEQpXHntZk"",""image_name"":""picture1-1690198682.png""}]"
"41","15","Promotional Video Name",NULL,"A","2021-06-01 16:05:36","2023-06-05 12:57:59","[{""header_text"":""Career opportunities in trademark prosecution and litigation"",""normal_text"":""<p>Abhuyday &amp; Niharika<\/p>\r\n"",""youtube_link"":""https:\/\/www.youtube.com\/embed\/RwZsDyob_wE"",""image_name"":""a-1622543735.jpeg""},{""header_text"":""Trademark Selection and Prosecution in India"",""normal_text"":""<p>Saransh Chaturvedi<\/p>\r\n"",""youtube_link"":""https:\/\/www.youtube.com\/embed\/5ZBMnYU3IA8"",""image_name"":""b-1622543735.jpeg""},{""header_text"":""Webinar on Trademark Objections "",""normal_text"":""<p>Ekta Asrani<\/p>\r\n"",""youtube_link"":""https:\/\/www.youtube.com\/embed\/NsKVMqL3S_8"",""image_name"":""c-1622543735.jpeg""}]"
"42","15","Promotional Video Name",NULL,"A","2021-06-01 16:05:39",NULL,"[{""header_text"":""Career opportunities in trademark prosecution and litigation"",""normal_text"":""<p>Abhuyday &amp; Niharika<\/p>\r\n"",""youtube_link"":""https:\/\/www.youtube.com\/embed\/RwZsDyob_wE"",""image_name"":""a-1622543739.jpeg""},{""header_text"":""Trademark Selection and Prosecution in India"",""normal_text"":""<p>Saransh Chaturvedi<\/p>\r\n"",""youtube_link"":""https:\/\/www.youtube.com\/embed\/5ZBMnYU3IA8"",""image_name"":""b-1622543739.jpeg""},{""header_text"":""Webinar on Trademark Objections "",""normal_text"":""<p>Ekta Asrani<\/p>\r\n"",""youtube_link"":""https:\/\/www.youtube.com\/embed\/NsKVMqL3S_8"",""image_name"":""c-1622543739.jpeg""}]"
"43","75","Promotional Video Name",NULL,"A","2021-06-01 16:48:05",NULL,"[{""header_text"":""Taxation in banking and finance"",""normal_text"":""<p>Komal Shah and Prabal Goel<\/p>\r\n"",""youtube_link"":""https:\/\/www.youtube.com\/embed\/zxZAVx5Jgc0"",""image_name"":""g-1622546285.jpeg""},{""header_text"":""New- Age opportunities for banking and finance lawyers"",""normal_text"":""<p>Abhyuday Aggarwal<\/p>\r\n"",""youtube_link"":""https:\/\/www.youtube.com\/embed\/WpKI9bjKm5Y"",""image_name"":""h-1622546285.jpeg""}]"
"44","10","Promotional Video Name",NULL,"A","2021-06-01 17:04:41",NULL,"[{""header_text"":""Insolvency of Individuals and Firms"",""normal_text"":""<p>Kunal Tandon<\/p>\r\n"",""youtube_link"":""https:\/\/www.youtube.com\/embed\/6-s9iBLtLwk"",""image_name"":""l-1622547281.jpeg""},{""header_text"":""How to get legal work under Insolvency and Bankruptcy Code without cracking insolvency examination, "",""normal_text"":""<p>Rajendra Beniwal- Founder of Krama Legal, a boutique law firm in New Delhi<\/p>\r\n"",""youtube_link"":""https:\/\/www.youtube.com\/embed\/GG3SunLrNVc"",""image_name"":""m-1622547281.jpeg""}]"
"45","140","Promotional Video Name",NULL,"P","2021-06-11 20:48:24","2023-12-07 12:22:14","[{""header_text"":""How much does a paralegal earn | Paralegal Earnings | For Students | (2021)"",""normal_text"":""<p>Ramanuj Mukherjee<\/p>\r\n"",""youtube_link"":""https:\/\/youtu.be\/5VYSfUcF4ew?si=I5oM8OtGjupgZTW0"",""image_name"":""howmuchdoesaparalegalearnparalegalearningsforstudents2021ramanujmukherjee-1694194863.jpg""},{""header_text"":""How remote paralegal work helps you to migrate abroad? | IP Law"",""normal_text"":""<p>Ramanuj Mukherjhee<\/p>\r\n"",""youtube_link"":""https:\/\/youtu.be\/mucMHJ-niFo?si=ADsQ6iJ90dQkmlKg"",""image_name"":""howremoteparalegalworkhelpsyoutomigrateabroadiplawramanujmukherjhee-1694194863.jpg""},{""header_text"":""Top 10 Skills to Perform U.S. & Domestic Corporate Law Work"",""normal_text"":""<p>LawSikho<\/p>\r\n"",""youtube_link"":""https:\/\/youtu.be\/eEGRHwyYx9s?si=cMgAN2lt2L9mXsF4"",""image_name"":""domesticcorporatelawworklawsikho-1694194863.jpg""}]"
"46","141","Promotional Video Name",NULL,"A","2021-06-25 19:42:03",NULL,NULL
"47","142","Promotional Video Name",NULL,"P","2021-06-26 12:30:17","2023-12-07 15:13:28","[{""header_text"":""What does it take to become a technology lawyer and work for global tech companies like Netflix?"",""normal_text"":""<p>LawSikho<\/p>\r\n"",""youtube_link"":""https:\/\/youtu.be\/I4apea0b4q8?si=LGW1OJ5VywApEqL2"",""image_name"":""maxresdefault3-1694358098.jpg""},{""header_text"":""What work do paralegals do in the USA?"",""normal_text"":""<p>Ramanuj Mukherjee<\/p>\r\n"",""youtube_link"":""https:\/\/youtu.be\/7ywpan0-yKY?si=klJLIjpp5I1dkHJK"",""image_name"":""whatworkdoparalegalsdointheusaramanujmukherjeelawsikho-1694358099.jpg""},{""header_text"":""Learn U.S. Law and earn big"",""normal_text"":""<p>LawSikho<\/p>\r\n"",""youtube_link"":""https:\/\/youtu.be\/wtToKO_erQI?si=MYt10q4RHhAWs2xg"",""image_name"":""maxresdefault4-1694358099.jpg""}]"
"48","143","Promotional Video Name",NULL,"A","2021-06-30 13:37:23","2023-09-14 00:12:07","[{""header_text"":""Concept of Intellectual Property Rights explained "",""normal_text"":""<p>Natansh Dubey | LawSikho<\/p>\r\n"",""youtube_link"":""https:\/\/youtube.com\/watch?v=okrvF0REIfA"",""image_name"":""maxresdefault-1694630527.jpg""},{""header_text"":""Why Intellectual Property Law is the top career choice? | IP Law "",""normal_text"":""<p>Ramanuj Mukherjee | LawSikho<\/p>\r\n"",""youtube_link"":""https:\/\/youtube.com\/watch?v=xB_EJqs1MrU"",""image_name"":""maxresdefault1-1694630527.jpg""},{""header_text"":""Why has Intellectual Property Law emerged as the most exciting career choice in 2020?"",""normal_text"":""<p>LawSikho<\/p>\r\n"",""youtube_link"":""https:\/\/www.youtube.com\/watch?v=mUfUap1n_mM"",""image_name"":""maxresdefault2-1694630527.jpg""}]"
"49","145","Promotional Video Name",NULL,"A","2021-06-30 15:30:52","2023-09-13 23:59:20","[{""header_text"":""A beginners guide to media law for starting your own media law practice"",""normal_text"":""<p>Ramanuj Mukherjee<\/p>\r\n"",""youtube_link"":""https:\/\/www.youtube.com\/watch?v=cCqGX7j6G-g"",""image_name"":""maxresdefault-1694629760.jpg""},{""header_text"":""Why Should you take up Media and Entertainment Law as a Career"",""normal_text"":""<p>Abhyuday Agarwal<\/p>\r\n"",""youtube_link"":""https:\/\/www.youtube.com\/watch?v=KOsMm4DU_Y4&t=43s"",""image_name"":""maxresdefault1-1694629760.jpg""},{""header_text"":""Drafting technology transfer & licensing agreements"",""normal_text"":""<p>Ashok Ram Kumar<\/p>\r\n"",""youtube_link"":""https:\/\/www.youtube.com\/watch?v=YboaVlrMgTo"",""image_name"":""maxresdefault2-1694629760.jpg""}]"
"50","147","Promotional Video Name",NULL,"A","2021-07-24 13:45:35","2023-09-14 00:27:50","[{""header_text"":""All you need to know about the implementation of Competition Law"",""normal_text"":""<p>LawSikho<\/p>\r\n"",""youtube_link"":""https:\/\/www.youtube.com\/watch?v=JqqhEr1cXxE"",""image_name"":""maxresdefault-1694631470.jpg""},{""header_text"":""Reasons for boom in Competition Law Practice (Part 1) "",""normal_text"":""<p>Abhyuday Agarwal | LawSikho<\/p>\r\n"",""youtube_link"":""https:\/\/www.youtube.com\/watch?v=22pSahuC2L0"",""image_name"":""sddefault-1694631470.jpg""},{""header_text"":""Amazing career opportunities in competition law"",""normal_text"":""<p>Abhyuday Agarwal and Sweta Rath<\/p>\r\n"",""youtube_link"":""https:\/\/www.youtube.com\/watch?v=H_oh2nDACKs"",""image_name"":""maxresdefault2-1694631470.jpg""}]"
"51","148","Promotional Video Name",NULL,"A","2021-07-24 15:46:00","2023-09-14 00:44:59","[{""header_text"":""SEBI Insider Trading Regulations "",""normal_text"":""<p>Shailashri Bhaskar | An Hour With LawSikho<\/p>\r\n"",""youtube_link"":""https:\/\/www.youtube.com\/watch?v=lpKSSdByWAs"",""image_name"":""maxresdefault4-1694632499.jpg""},{""header_text"":""How to represent clients before the Securities Appellate Tribunal? "",""normal_text"":""<p>Anand Narayan &amp; Komal Shah<\/p>\r\n"",""youtube_link"":""https:\/\/www.youtube.com\/watch?v=vw6kHavfanI"",""image_name"":""maxresdefault5-1694632499.jpg""},{""header_text"":""5 assignments in securities laws where you can earn 10K as a new entrant "",""normal_text"":""<p>Komal Shah<\/p>\r\n"",""youtube_link"":""https:\/\/www.youtube.com\/watch?v=yWUosyFpVEg"",""image_name"":""maxresdefault6-1694632499.jpg""}]"
"52","149","Promotional Video Name",NULL,"P","2021-07-24 17:05:55","2023-12-06 14:17:19","[{""header_text"":""What are the different practice areas in a corporate law firm"",""normal_text"":""<p>Ramanuj Mukherjee | LawSikho<\/p>\r\n"",""youtube_link"":""https:\/\/www.youtube.com\/watch?v=HaONnIfFwVI"",""image_name"":""maxresdefault3-1694630260.jpg""},{""header_text"":""Why is it better to work in a law firm? "",""normal_text"":""<p>Debosmita Nandy<\/p>\r\n"",""youtube_link"":""https:\/\/youtube.com\/watch?v=I_sY2JwTHVk"",""image_name"":""maxresdefault4-1694630260.jpg""},{""header_text"":""How to become a successful law firm associate? "",""normal_text"":""<p>Ramanuj Mukherjee | LawSikho<\/p>\r\n"",""youtube_link"":""https:\/\/youtube.com\/watch?v=mGZrTvJ5NVk"",""image_name"":""maxresdefault5-1694630260.jpg""}]"
"53","150","Promotional Video Name",NULL,"A","2021-07-25 17:10:13","2023-09-12 18:20:42","[{""header_text"":""How to make a career in international business law"",""normal_text"":""<p>Komal Shah &amp; Yash Vijayvargiya<\/p>\r\n"",""youtube_link"":""https:\/\/www.youtube.com\/live\/a4FkrZaPeVE?si=z_SLzgY9uVZJ0eWU"",""image_name"":""maxresdefault6-1694523042.jpg""},{""header_text"":""How much can you earn as a lawyer from International Businesses?"",""normal_text"":""<p>Abhyuday Agarwal<\/p>\r\n"",""youtube_link"":""https:\/\/youtu.be\/7wpz3mlvsU4?si=BOAE7Zer6RViwomq"",""image_name"":""maxresdefault7-1694523042.jpg""},{""header_text"":""International Business Law Practice: Opportunities, Difficulties, Do's and Don'ts"",""normal_text"":""<p>Rudresh Batra<\/p>\r\n"",""youtube_link"":""https:\/\/www.youtube.com\/live\/wppHyp7VYQ8?si=-LGbZe-TsctUDHuX"",""image_name"":""maxresdefault-1694523042.jpg""}]"
"54","151","Promotional Video Name",NULL,"A","2021-07-27 18:19:49",NULL,NULL
"55","152","Promotional Video Name",NULL,"A","2021-08-13 16:16:22","2023-09-14 00:34:35","[{""header_text"":""What work does a banking and finance lawyer do?"",""normal_text"":""<p>Abhyuday Agarwal<\/p>\r\n"",""youtube_link"":""https:\/\/www.youtube.com\/watch?v=UzR5eKgPaKc"",""image_name"":""maxresdefault6-1694631875.jpg""},{""header_text"":""How a Structured Knowledge of Banking & Finance can add a Lucrative Element to your Practice?"",""normal_text"":""<p>LawSikho<\/p>\r\n"",""youtube_link"":""https:\/\/www.youtube.com\/watch?v=ieJV8eDA498"",""image_name"":""maxresdefault7-1694631875.jpg""},{""header_text"":""10 most important things a banking & finance lawyer & the borrower should know while taking finance"",""normal_text"":"""",""youtube_link"":""https:\/\/www.youtube.com\/watch?v=yWoMt-_Vcas"",""image_name"":""maxresdefault3-1694631875.jpg""}]"
"56","153","Promotional Video Name",NULL,"A","2021-08-14 11:25:18","2023-09-14 00:25:08","[{""header_text"":""How to make a career as a lawyer appearing before NCLT? "",""normal_text"":""<p>Prabal Goel<\/p>\r\n"",""youtube_link"":""https:\/\/www.youtube.com\/watch?v=lsq0TOuh67A"",""image_name"":""maxresdefault-1694631308.jpg""},{""header_text"":""Inside The National Company Law Tribunal (NCLT), New Delhi"",""normal_text"":""<p>LawSikho Visits<\/p>\r\n"",""youtube_link"":""https:\/\/www.youtube.com\/watch?v=T-_4kkZ2rO0"",""image_name"":""sddefault-1694631308.jpg""},{""header_text"":""Full length Session: How to make a career in NCLT "",""normal_text"":""<p>Prabal Goel &amp; Ramanuj Mukherjee<\/p>\r\n"",""youtube_link"":""https:\/\/www.youtube.com\/watch?v=wpOY7-GTmks"",""image_name"":""maxresdefault1-1694631308.jpg""}]"
"57","154","Promotional Video Name",NULL,"P","2021-08-14 13:58:36","2023-12-04 19:33:58","[{""header_text"":""What is a Paralegal? | Massive International Opportunities in 2021 | Must Watch"",""normal_text"":""<p>Ramanuj Mukherjee<span style=\""white-space:pre\""> <\/span><\/p>\r\n"",""youtube_link"":""https:\/\/youtu.be\/XDgmljvntFQ?si=X30XCAtLUbz-ejLb"",""image_name"":""whatisaparalegalmassiveinternationalopportunitiesin2021mustwatchramanujmukherjee1-1694192197.jpg""},{""header_text"":""How much does a paralegal earn | Paralegal Earnings | For Students | (2021)"",""normal_text"":""<p>Ramanuj Mukherjee<\/p>\r\n"",""youtube_link"":""https:\/\/youtu.be\/5VYSfUcF4ew?si=I5oM8OtGjupgZTW0"",""image_name"":""howmuchdoesaparalegalearnparalegalearningsforstudents2021ramanujmukherjee-1694192197.jpg""},{""header_text"":""How to get paralegal work from foreign tech lawyers and how much can I earn"",""normal_text"":""<p>Ramanuj Mukherjee<span style=\""white-space:pre\""> <\/span><\/p>\r\n"",""youtube_link"":""https:\/\/www.youtube.com\/live\/1DoVuuPsSS8?si=uvBFPr7m1eVDm5o0"",""image_name"":""howtogetparalegalworkfromforeigntechlawyersandhowmuchcaniearnramanujmukherjee-1694192197.jpg""}]"
"58","155","Promotional Video Name",NULL,"A","2021-08-24 14:45:34",NULL,NULL
"59","156","Promotional Video Name",NULL,"A","2021-08-25 10:40:51",NULL,NULL
"60","157","Promotional Video Name",NULL,"A","2021-08-27 14:51:54","2023-09-14 00:49:41","[{""header_text"":""How to crack CIPP exam? CIPP Bootcamp "",""normal_text"":""<p>LawSikho<\/p>\r\n"",""youtube_link"":""https:\/\/youtu.be\/5vM1clBRf1I?si=36XwYVtxJ8QixNfo"",""image_name"":""howtocrackcippexamcippbootcamp-1694632781.jpg""},{""header_text"":""How to crack CIPP exam I Managers : End The Stagnation | CIPP Bootcamp "",""normal_text"":""<p>LawSikho<\/p>\r\n"",""youtube_link"":""https:\/\/youtu.be\/dYjS55CoxlA?si=PEMsMgbjwB1dlMfm"",""image_name"":""howtocrackcippexamimanagersendthestagnationcippbootcamp-1694632781.jpg""},{""header_text"":""Opportunities in data and privacy management "",""normal_text"":""<p>\ud835\udde0\ud835\uddff. \ud835\uddec\ud835\uddfc\ud835\uddff\ud835\uddee\ud835\uddfa \ud835\udde0. \ud835\udde5\ud835\uddfc\ud835\uddf2\ud835\uddfa\ud835\uddf2\ud835\uddff\ud835\ude00\ud835\uddfa\ud835\uddee | LawSikho<\/p>\r\n"",""youtube_link"":""https:\/\/www.youtube.com\/watch?v=huHc6niCZyY"",""image_name"":""maxresdefault7-1694632781.jpg""}]"
"61","158","Promotional Video Name",NULL,"A","2021-08-28 10:39:03","2023-09-11 02:23:10","[{""header_text"":""Opportunities in International Business Law"",""normal_text"":""<p>LawSikho<\/p>\r\n"",""youtube_link"":""https:\/\/youtu.be\/EIrr6G7p2QM?si=fNfPLNbMQI1_T0WP"",""image_name"":""maxresdefault4-1694379190.jpg""},{""header_text"":""Career Options in International Trade and IP Laws"",""normal_text"":""<p>Nivedita Sen | An Hour With LawSikho<\/p>\r\n"",""youtube_link"":""https:\/\/www.youtube.com\/live\/e49Sd5gK2GU?si=-EQUtMJusQwvY6Q-"",""image_name"":""maxresdefault2-1694379190.jpg""},{""header_text"":""How much can you earn as a lawyer from International Businesses?"",""normal_text"":""<p>Abhyuday Agarwal<\/p>\r\n"",""youtube_link"":""https:\/\/youtu.be\/7wpz3mlvsU4?si=GVkEDhAFApqlU8Im"",""image_name"":""maxresdefault3-1694379190.jpg""}]"
"62","159","Promotional Video Name",NULL,"A","2021-08-28 14:22:18","2023-09-11 02:29:51","[{""header_text"":""Working in Corporate Transactions in India & Abroad"",""normal_text"":""<p>Swetha Gopalakrishnan | An Hour With LawSikho<\/p>\r\n"",""youtube_link"":""https:\/\/www.youtube.com\/live\/TSKXEFEEEUQ?si=KkDSrImoKVxF4I0D"",""image_name"":""maxresdefault5-1694379590.jpg""},{""header_text"":""How to make a career in international business law"",""normal_text"":""<p>Komal Shah &amp; Yash Vijayvargiya<\/p>\r\n"",""youtube_link"":""https:\/\/www.youtube.com\/live\/a4FkrZaPeVE?si=6oTfDAis1csfAN5O"",""image_name"":""maxresdefault6-1694379590.jpg""},{""header_text"":""How much can you earn as a lawyer from International Businesses?"",""normal_text"":""<p>Abhyuday Agarwal<\/p>\r\n"",""youtube_link"":""https:\/\/youtu.be\/7wpz3mlvsU4?si=Lg7DZCHVovIB-wig"",""image_name"":""maxresdefault7-1694379591.jpg""}]"
"63","160","Promotional Video Name",NULL,"A","2021-08-28 15:40:35",NULL,NULL
"64","161","Promotional Video Name",NULL,"A","2021-08-28 16:46:45",NULL,NULL
"65","162","Promotional Video Name",NULL,"A","2021-08-28 17:56:09",NULL,NULL
"66","163","Promotional Video Name",NULL,"A","2021-08-28 19:25:25",NULL,NULL
"67","164","Promotional Video Name",NULL,"A","2021-09-06 14:47:52",NULL,NULL
"68","165","Promotional Video Name",NULL,"A","2021-09-11 12:29:01",NULL,NULL
"69","166","Promotional Video Name",NULL,"P","2021-10-08 15:35:41","2023-12-05 11:08:27","[{""header_text"":""CA, CS: Work with U.S. Startups"",""normal_text"":""<p>LawSikho<\/p>\r\n"",""youtube_link"":""https:\/\/youtu.be\/74dhlXpPkZ0?si=SlGYRCsUDNLllefp"",""image_name"":""startups-1694334073.jpg""},{""header_text"":""International Opportunities for Indian CA\/CS\/CMA in US Corporate Law"",""normal_text"":""<p>Rudresh Batra<\/p>\r\n"",""youtube_link"":""https:\/\/www.youtube.com\/live\/v_Hi_jgjN7M?si=PPHYYXwg5m6AbfYi"",""image_name"":""internationalopportunitiesforindiancacscmainuscorporatelawrudreshbatra-1694334073.jpg""},{""header_text"":""Indian CA CS value v. Local Agents in U.S."",""normal_text"":""<p>LawSikho<\/p>\r\n"",""youtube_link"":""https:\/\/youtu.be\/wijQR6EQUtg?si=Kq7uMxaUiujIT4KE"",""image_name"":""-1694334073.jpg""}]"
"70","167","Promotional Video Name",NULL,"A","2021-10-14 17:43:47",NULL,NULL
"71","168","Promotional Video Name",NULL,"A","2021-11-26 09:55:43",NULL,NULL
"72","169","Promotional Video Name",NULL,"A","2021-12-03 11:20:42",NULL,NULL
"73","170","Promotional Video Name",NULL,"A","2021-12-03 13:48:57",NULL,NULL
"74","171","Promotional Video Name",NULL,"A","2022-01-05 13:12:22",NULL,NULL
"75","172","Promotional Video Name",NULL,"P","2022-01-07 17:24:54","2023-12-07 13:44:32","[{""header_text"":""How to get started as a tax lawyer"",""normal_text"":""<p>LawSikho<\/p>\r\n"",""youtube_link"":""https:\/\/www.youtube.com\/watch?v=pJCjkmJkR9A"",""image_name"":""maxresdefault3-1694631692.jpg""},{""header_text"":""Tax law as a career? "",""normal_text"":""<p>Sumit Kansal<\/p>\r\n"",""youtube_link"":""https:\/\/www.youtube.com\/watch?v=75bnkw9fSqE"",""image_name"":""maxresdefault4-1694631692.jpg""},{""header_text"":""Why to choose a career in tax law?"",""normal_text"":""<p>LawSikho<\/p>\r\n"",""youtube_link"":""https:\/\/www.youtube.com\/watch?v=B6l7LNtz8eQ"",""image_name"":""maxresdefault5-1694631692.jpg""}]"
"76","173","Promotional Video Name",NULL,"A","2022-01-13 16:36:52",NULL,NULL
"77","174","Promotional Video Name",NULL,"A","2022-01-13 18:22:52",NULL,NULL
"78","175","Promotional Video Name",NULL,"A","2022-01-13 19:55:25",NULL,NULL
"79","176","Promotional Video Name",NULL,"A","2022-01-13 20:37:23",NULL,NULL
"80","177","Promotional Video Name",NULL,"A","2022-01-13 21:25:08","2023-09-06 01:03:41","[{""header_text"":""Become Independent Director"",""normal_text"":""<p>Abhyuday Agarwal<\/p>\r\n"",""youtube_link"":""https:\/\/youtu.be\/DfGONCgFBa0?si=wkbhS6ZIHnISx2p2"",""image_name"":""becomeindependentdirector-1693940267.jpg""},{""header_text"":""How can independent lawyers obtain retainerships from clients?"",""normal_text"":""<p>Abhyuday Agarwal<\/p>\r\n"",""youtube_link"":""https:\/\/www.youtube.com\/live\/_AniR87DuqA?si=IqBdGNtf1TvSUMVR"",""image_name"":""howcanindependentlawyersobtainretainershipsfromclientsabhyudayagarwal1-1693942357.jpg""},{""header_text"":""What is the role of the Board of Directors, and what are the different types of Directors? (Hindi)"",""normal_text"":""<p>Mahesh C. Gupta<\/p>\r\n"",""youtube_link"":""https:\/\/youtu.be\/azoh73C8xz0?si=gS3ZmGT4dFj0RJrc"",""image_name"":""whatistheroleoftheboardofdirectorsandwhatarethedifferenttypesofdirectorshindi-1693942421.jpg""}]"
"81","178","Promotional Video Name",NULL,"A","2022-01-19 08:23:28",NULL,NULL
"82","179","Promotional Video Name",NULL,"A","2022-01-31 12:23:50",NULL,NULL
"83","180","Promotional Video Name",NULL,"P","2022-02-18 19:17:25","2023-12-07 15:15:12","[{""header_text"":""Which disputes are arbitrable in domestic arbitration and which are not?"",""normal_text"":""<p>LawSikho<\/p>\r\n"",""youtube_link"":""https:\/\/www.youtube.com\/watch?v=b4d4OMfCYU0"",""image_name"":""maxresdefault-1694630865.jpg""},{""header_text"":""How to challenge an arbitral award in an international arbitration within or outside India?"",""normal_text"":""<p>LawSikho<\/p>\r\n"",""youtube_link"":""https:\/\/youtube.com\/watch?v=3hDMX2EGBLE"",""image_name"":""maxresdefault1-1694630865.jpg""},{""header_text"":""Opportunities available in Arbitration for lawyers in 2021 "",""normal_text"":""<p>Abhyuday Agarwal<\/p>\r\n"",""youtube_link"":""https:\/\/youtube.com\/watch?v=MUdckTUs_xo"",""image_name"":""maxresdefault2-1694630865.jpg""}]"
"84","181","Promotional Video Name",NULL,"P","2022-02-19 12:10:30","2023-12-06 09:29:27","[{""header_text"":""Things to know about Supreme Court practice for Young lawyers "",""normal_text"":""<p>Ramanuj Mukherjee | LawSikho<\/p>\r\n"",""youtube_link"":""https:\/\/www.youtube.com\/watch?v=rz8qFcKWczs"",""image_name"":""maxresdefault1-1694632283.jpg""},{""header_text"":""Supreme Court practice in India & how it is different from Trial & High Court "",""normal_text"":""<p>Vivek Narayan Sharma<\/p>\r\n"",""youtube_link"":""https:\/\/www.youtube.com\/watch?v=vzSDW3MIAnw"",""image_name"":""maxresdefault2-1694632283.jpg""},{""header_text"":""Supreme court drafting - step-by-step process and what you need to master"",""normal_text"":""<p>Sanchita Ain<\/p>\r\n"",""youtube_link"":""https:\/\/www.youtube.com\/watch?v=Jp4tvfsOsUo"",""image_name"":""maxresdefault3-1694632283.jpg""}]"
"85","182","Promotional Video Name",NULL,"P","2022-02-20 01:37:31","2023-12-05 16:44:49","[{""header_text"":""What is corporate litigation?"",""normal_text"":""<p>Kapil Madan | LawSikho<\/p>\r\n"",""youtube_link"":""https:\/\/www.youtube.com\/watch?v=h_EF8Qs-lKo"",""image_name"":""maxresdefault3-1694630051.jpg""},{""header_text"":""What is the role of internships in corporate litigation? "",""normal_text"":""<p>Kapil Madan | LawSikho<\/p>\r\n"",""youtube_link"":""https:\/\/youtube.com\/watch?v=IA5QdYZdnMo"",""image_name"":""maxresdefault4-1694630052.jpg""},{""header_text"":""Role of CA and CS in corporate litigation"",""normal_text"":""<p>Kapi Madan | LawSikho<\/p>\r\n"",""youtube_link"":""https:\/\/youtube.com\/watch?v=22Ci-0vH-JA"",""image_name"":""maxresdefault5-1694630052.jpg""}]"
"86","183","Promotional Video Name",NULL,"A","2022-03-07 13:47:39",NULL,NULL
"87","184","Promotional Video Name",NULL,"A","2022-03-08 08:45:52",NULL,NULL
"88","185","Promotional Video Name",NULL,"A","2022-03-15 18:03:09","2023-09-10 20:07:05","[{""header_text"":""How to get a remote job as a Virtual Assistant & be financially independent"",""normal_text"":""<p>Rudresh Batra<\/p>\r\n"",""youtube_link"":""https:\/\/www.youtube.com\/live\/p995PHptd2A?si=F6CUBWD9FXWaWSPd"",""image_name"":""maxresdefault-1694356625.jpg""},{""header_text"":""Startup Accelerators"",""normal_text"":""<p>Rajiv Indimath<\/p>\r\n"",""youtube_link"":""https:\/\/www.youtube.com\/live\/-sy8A9Z789I?si=rsyiW5dFbi1-CrF4"",""image_name"":""maxresdefault1-1694356625.jpg""},{""header_text"":""Legal skills required to serve a startup"",""normal_text"":""<p>Ramanuj Mukherjee<\/p>\r\n"",""youtube_link"":""https:\/\/youtu.be\/ECDQ1cTOsGk?si=6LrDCyLaXPugKxNP"",""image_name"":""maxresdefault2-1694356625.jpg""}]"
"89","186","Promotional Video Name",NULL,"A","2022-03-25 19:58:45",NULL,NULL
"90","187","Promotional Video Name",NULL,"A","2022-05-13 11:26:13",NULL,NULL
"91","188","Promotional Video Name",NULL,"A","2022-06-09 14:15:32",NULL,NULL
"92","189","Promotional Video Name",NULL,"A","2022-06-18 13:31:36",NULL,NULL
"93","190","Promotional Video Name",NULL,"A","2022-07-01 12:01:28",NULL,NULL
"94","191","Promotional Video Name",NULL,"A","2022-07-22 12:32:12",NULL,NULL
"95","192","Promotional Video Name",NULL,"A","2022-07-23 12:13:38",NULL,NULL
"96","193","Promotional Video Name",NULL,"A","2022-08-29 13:04:17",NULL,NULL
"97","194","Promotional Video Name",NULL,"A","2022-09-13 12:03:00",NULL,NULL
"98","195","Promotional Video Name",NULL,"P","2022-09-25 12:22:03","2023-12-05 16:46:07","[{""header_text"":""5 Learnings about U.S Corporate and Tax law work"",""normal_text"":""<p>Lawsikho<\/p>\r\n"",""youtube_link"":""https:\/\/youtu.be\/EtovUR9wX8c?si=_dM76XRK_PqTRKpP"",""image_name"":""scorporateandtaxlawwork-1694191230.jpg""},{""header_text"":""Is U.S. Corporate and Tax Compliance work difficult for Indian Professionals?"",""normal_text"":""<p>Lawsikho<\/p>\r\n"",""youtube_link"":""https:\/\/youtu.be\/aQGdA9qkpII?si=wX4KhFbOmJTWYOBR"",""image_name"":""corporateandtaxcomplianceworkdifficultforindianprofessionals-1694191230.jpg""},{""header_text"":""What is a Paralegal? | Massive International Opportunities in 2021 | Must Watch"",""normal_text"":""<p>Ramanuj Mukherjee<span style=\""white-space:pre\""> <\/span><\/p>\r\n"",""youtube_link"":""https:\/\/youtu.be\/XDgmljvntFQ?si=X30XCAtLUbz-ejLb"",""image_name"":""whatisaparalegalmassiveinternationalopportunitiesin2021mustwatchramanujmukherjee-1694191230.jpg""}]"
"99","196","Promotional Video Name",NULL,"A","2022-11-21 15:28:30",NULL,NULL
"100","197","Promotional Video Name",NULL,"A","2022-11-21 21:23:46",NULL,NULL
"101","198","Promotional Video Name",NULL,"A","2022-11-24 17:31:42","2023-09-10 19:53:54","[{""header_text"":""How to initiate your branding?"",""normal_text"":""<p>LawSikho<\/p>\r\n"",""youtube_link"":""https:\/\/youtu.be\/bqyft37p7i4?si=2YqYc648FDP916e-"",""image_name"":""maxresdefault1-1694355834.jpg""},{""header_text"":""Importance of branding in the legal profession"",""normal_text"":""<p>LawSikho<\/p>\r\n"",""youtube_link"":""https:\/\/youtu.be\/XDlYqRblPiA?si=7K1ZgNNU0i_QM8zD"",""image_name"":""maxresdefault2-1694355834.jpg""},{""header_text"":""Successful law firm founder explains the power of branding"",""normal_text"":""<p>Pushkar Thakur, Corrida Legal<\/p>\r\n"",""youtube_link"":""https:\/\/youtu.be\/Do33VtgB8OM?si=rLCbwGgkyBHj29lL"",""image_name"":""maxresdefault3-1694355834.jpg""}]"
"102","199","Promotional Video Name",NULL,"A","2022-11-25 14:31:59",NULL,NULL
"103","200","Promotional Video Name",NULL,"A","2022-12-20 20:04:35",NULL,NULL
"104","201","Promotional Video Name",NULL,"A","2023-01-02 11:22:10",NULL,NULL
"105","202","Promotional Video Name",NULL,"A","2023-01-02 12:27:29",NULL,NULL
"106","203","Promotional Video Name",NULL,"A","2023-01-02 16:30:48",NULL,NULL
"107","204","Promotional Video Name",NULL,"A","2023-01-02 17:59:46",NULL,NULL
"108","205","Promotional Video Name",NULL,"A","2023-01-24 15:06:40",NULL,NULL
"109","206","Promotional Video Name",NULL,"A","2023-01-30 14:55:05",NULL,NULL
"110","207","Promotional Video Name",NULL,"A","2023-02-02 13:02:27",NULL,NULL
"111","208","Promotional Video Name",NULL,"A","2023-02-09 13:21:30","2023-09-14 00:22:20","[{""header_text"":""Startup Accelerators "",""normal_text"":""<p>Rajiv Indimath | An Hour With LawSikho<\/p>\r\n"",""youtube_link"":""https:\/\/www.youtube.com\/watch?v=-sy8A9Z789I"",""image_name"":""maxresdefault3-1694631140.jpg""},{""header_text"":""20 must have HR Policies for your startup "",""normal_text"":""<p>LawSikho | Komal Shah<\/p>\r\n"",""youtube_link"":""https:\/\/www.youtube.com\/watch?v=nrIqEdFZd80"",""image_name"":""maxresdefault2-1694631140.jpg""},{""header_text"":""Critical legal skills for HR managers "",""normal_text"":""<p>Abhyuday Agarwal<\/p>\r\n"",""youtube_link"":""https:\/\/www.youtube.com\/watch?v=g3TMgsemF3c"",""image_name"":""maxresdefault-1694631140.jpg""}]"
"112","209","Promotional Video Name",NULL,"A","2023-02-14 16:23:14",NULL,NULL
"113","210","Promotional Video Name",NULL,"A","2023-02-20 11:52:57",NULL,NULL
"114","211","Promotional Video Name",NULL,"A","2023-02-28 16:26:58",NULL,NULL
"115","212","Promotional Video Name",NULL,"A","2023-03-03 18:37:25",NULL,NULL
"116","213","Promotional Video Name",NULL,"A","2023-03-06 15:42:57",NULL,NULL
"117","214","Promotional Video Name",NULL,"A","2023-03-17 16:07:32",NULL,NULL
"118","215","Promotional Video Name",NULL,"A","2023-03-24 17:12:46",NULL,NULL
"119","216","Promotional Video Name",NULL,"A","2023-03-24 17:39:51",NULL,NULL
"120","217","Promotional Video Name",NULL,"A","2023-04-07 15:14:35",NULL,NULL
"121","218","Promotional Video Name",NULL,"A","2023-04-09 11:50:42",NULL,NULL
"122","219","Promotional Video Name",NULL,"A","2023-04-10 15:12:48",NULL,NULL
"123","220","Promotional Video Name",NULL,"A","2023-04-13 18:11:13","2023-09-08 22:15:38","[{""header_text"":""Liability for misconduct effected by the aid of Artificial Intelligence"",""normal_text"":""<p>Shikhar Gupta<\/p>\r\n"",""youtube_link"":""https:\/\/www.youtube.com\/live\/lcaGUyBNXZ4?si=zGy7HzAhjuSj7waA"",""image_name"":""liabilityformisconducteffectedbytheaidofartificialintelligenceshikhargupta-1694191538.jpg""},{""header_text"":""Why Lawyers must learn AI skills"",""normal_text"":""<p>Abhyuday Agarwal<\/p>\r\n"",""youtube_link"":""https:\/\/youtu.be\/0VJFVO4NkAw?si=l9RB93-dGaVx2_qn"",""image_name"":""whylawyersmustlearnaiskills-1694191538.jpg""},{""header_text"":""Growth Opportunities for HR Managers"",""normal_text"":""<p>Lawsikho<\/p>\r\n"",""youtube_link"":""https:\/\/youtu.be\/ucYAxyI8viQ?si=0oRQiYdHNKQLotq8"",""image_name"":""maxresdefault-1694191538.jpg""}]"
"124","221","Promotional Video Name",NULL,"A","2023-04-14 16:43:41","2023-09-08 20:59:54","[{""header_text"":""A Foreign Lawyer's Gateway to the UAE Legal Market"",""normal_text"":""<p>Priyasha Corrie &amp; Ramanuj Mukherjee<\/p>\r\n"",""youtube_link"":""https:\/\/youtu.be\/qrVRfRyMCzg?si=zc9zQlRKV5lLTlNr"",""image_name"":""aforeignlawyersgatewaytotheuaelegalmarketpriyashacorrieramanujmukherjee-1694186893.jpg""},{""header_text"":""Employee Leasing Laws In India & Europe"",""normal_text"":""<p>Shruti Ghai<\/p>\r\n"",""youtube_link"":""https:\/\/youtu.be\/eBgy5msTPaU?si=r9haWSN-zkova5fL"",""image_name"":""employeeleasinglawsinindiaeuropeshrutighaianhourwithlawsikho-1694186893.jpg""},{""header_text"":""How much does a paralegal earn | Paralegal Earnings | For Students | (2021)"",""normal_text"":""<p>Ramanuj Mukherjee<\/p>\r\n"",""youtube_link"":""https:\/\/youtu.be\/5VYSfUcF4ew?si=I5oM8OtGjupgZTW0"",""image_name"":""howmuchdoesaparalegalearnparalegalearningsforstudents2021ramanujmukherjee-1694186994.jpg""}]"
"125","222","Promotional Video Name",NULL,"A","2023-04-14 17:34:13","2023-09-14 00:53:42","[{""header_text"":""Sexual Harassment Laws"",""normal_text"":""<p>Sana Hakim | An Hour With LawSikho<\/p>\r\n"",""youtube_link"":""https:\/\/www.youtube.com\/watch?v=2WteE53iZzM"",""image_name"":""maxresdefault9-1694633021.jpg""},{""header_text"":""Employee Leasing Laws In India & Europe "",""normal_text"":""<p>Shruti Ghai | An Hour With LawSikho<\/p>\r\n"",""youtube_link"":""https:\/\/www.youtube.com\/watch?v=eBgy5msTPaU"",""image_name"":""maxresdefault8-1694633022.jpg""},{""header_text"":""Important skills lawyers need to work in MNCs"",""normal_text"":""<p>Komal Shah | LawSikho<\/p>\r\n"",""youtube_link"":""https:\/\/www.youtube.com\/watch?v=t4SUmGSrCv4"",""image_name"":""maxresdefault7-1694633022.jpg""}]"
"126","223","Promotional Video Name",NULL,"A","2023-04-19 17:58:17",NULL,NULL
"127","224","Promotional Video Name",NULL,"A","2023-04-21 13:39:03",NULL,NULL
"128","226","Promotional Video Name",NULL,"A","2023-05-07 11:27:52","2023-09-10 19:59:27","[{""header_text"":""Why generative AI is great news for lawyers?"",""normal_text"":""<p>LawSikho<\/p>\r\n"",""youtube_link"":""https:\/\/youtu.be\/FMuUqOBN3qU?si=QXQEi-4iw0fpzHyS"",""image_name"":""whygenerativeaiisgreatnewsforlawyers-1694356167.jpg""},{""header_text"":""Why Lawyers must learn AI skills?"",""normal_text"":""<p>LawSikho<\/p>\r\n"",""youtube_link"":""https:\/\/youtu.be\/0VJFVO4NkAw?si=l9RB93-dGaVx2_qn"",""image_name"":""whylawyersmustlearnaiskills-1694356167.jpg""},{""header_text"":""Should Lawyers use AI for Legal Research? Here's what you need to know"",""normal_text"":""<p>LawSikho<\/p>\r\n"",""youtube_link"":""https:\/\/youtu.be\/XEy8MwNcoDs?si=9fT2h_FARw4LiPxn"",""image_name"":""shouldlawyersuseaiforlegalresearchhereswhatyouneedtoknow2-1694356167.jpg""}]"
"129","227","Promotional Video Name",NULL,"A","2023-05-17 13:34:51",NULL,NULL
"130","228","Promotional Video Name",NULL,"A","2023-06-03 13:56:27",NULL,NULL
"131","229","Promotional Video Name",NULL,"A","2023-06-10 15:33:32","2023-09-10 19:45:42","[{""header_text"":""Is U.S. Corporate and Tax Compliance work difficult for Indian Professionals?"",""normal_text"":""<p>LawSikho<\/p>\r\n"",""youtube_link"":""https:\/\/youtu.be\/aQGdA9qkpII?si=rkPoUfGu732Rhzzx"",""image_name"":""maxresdefault1-1694355320.jpg""},{""header_text"":""International Opportunities for Indian CA\/CS\/CMA in US Corporate Law"",""normal_text"":""<p>Rudresh Batra<\/p>\r\n"",""youtube_link"":""https:\/\/www.youtube.com\/live\/v_Hi_jgjN7M?si=PPHYYXwg5m6AbfYi"",""image_name"":""internationalopportunitiesforindiancacscmainuscorporatelawrudreshbatra-1694355320.jpg""},{""header_text"":""Indian CA CS value v. Local Agents in U.S. "",""normal_text"":""<p>LawSikho<\/p>\r\n"",""youtube_link"":""https:\/\/youtu.be\/wijQR6EQUtg?si=Kq7uMxaUiujIT4KE"",""image_name"":""-1694355321.jpg""}]"
"132","230","Promotional Video Name",NULL,"A","2023-06-15 15:49:51",NULL,NULL
"133","231","Promotional Video Name",NULL,"A","2023-06-21 13:33:02",NULL,NULL
"134","232","Promotional Video Name",NULL,"A","2023-06-28 13:37:52",NULL,NULL
"135","233","Promotional Video Name",NULL,"A","2023-07-13 13:41:42",NULL,NULL
"136","234","Promotional Video Name",NULL,"A","2023-07-13 14:22:57",NULL,NULL
"137","236","Promotional Video Name",NULL,"A","2023-07-26 18:45:20",NULL,NULL
"138","237","Promotional Video Name",NULL,"A","2023-08-03 16:23:56",NULL,NULL
"139","238","Promotional Video Name",NULL,"A","2023-08-19 15:42:04",NULL,NULL
"140","239","Promotional Video Name",NULL,"A","2023-08-22 15:16:58",NULL,NULL
"141","240","Promotional Video Name",NULL,"A","2023-08-24 17:45:57",NULL,NULL
"142","241","Promotional Video Name",NULL,"P","2023-08-25 17:59:49","2023-12-07 15:18:07","[{""header_text"":""Why generative AI is great news for lawyers"",""normal_text"":""<p>LawSikho<\/p>\r\n"",""youtube_link"":""https:\/\/youtu.be\/FMuUqOBN3qU?si=QXQEi-4iw0fpzHyS"",""image_name"":""whygenerativeaiisgreatnewsforlawyers-1694191801.jpg""},{""header_text"":""Why Lawyers must learn AI skills"",""normal_text"":""<p>LawSikho<\/p>\r\n"",""youtube_link"":""https:\/\/youtu.be\/0VJFVO4NkAw?si=l9RB93-dGaVx2_qn"",""image_name"":""whylawyersmustlearnaiskills1-1694191802.jpg""},{""header_text"":""Should Lawyers use AI for Legal Research? Here's what you need to know"",""normal_text"":""<p>LawSikho<\/p>\r\n"",""youtube_link"":""https:\/\/youtu.be\/XEy8MwNcoDs?si=9fT2h_FARw4LiPxn"",""image_name"":""shouldlawyersuseaiforlegalresearchhereswhatyouneedtoknow-1694191802.jpg""}]"
"143","242","Promotional Video Name",NULL,"A","2023-08-25 18:41:37",NULL,NULL
"144","243","Promotional Video Name",NULL,"A","2023-08-25 19:28:33",NULL,NULL
"145","244","Promotional Video Name",NULL,"A","2023-08-29 13:38:07",NULL,NULL
"146","245","Promotional Video Name",NULL,"A","2023-08-31 20:33:34",NULL,NULL
"147","9","Promotional Video Name",NULL,"P","2023-09-01 12:13:25","2023-12-05 10:56:00","[{""header_text"":""Why Should you take up Media and Entertainment Law as a Career"",""normal_text"":""<p>Abyuday Agrawal<\/p>\r\n"",""youtube_link"":""https:\/\/www.youtube.com\/watch?v=KOsMm4DU_Y4"",""image_name"":""whyshouldyoutakeupmediaandentertainmentlawasacareerabhyudayagarwal-1693550605.jpg""},{""header_text"":""Why Intellectual Property Law is the top career choice?"",""normal_text"":""<p>Ramanuj Mukherjee<\/p>\r\n"",""youtube_link"":""https:\/\/youtu.be\/xB_EJqs1MrU?si=aeCmtsZgrFV1yXi5"",""image_name"":""whyintellectualpropertylawisthetopcareerchoiceiplawramanujmukherjeelawsikho-1693670121.jpg""},{""header_text"":""How a Media Law course added value to a student pursuing LLM in IPR"",""normal_text"":""<p>Dhrubajyoti Bose<\/p>\r\n"",""youtube_link"":""https:\/\/youtu.be\/iP17WCYIXfQ?si=dYbqmqvaT_OEPeEO"",""image_name"":""whyshouldyoutakeupmediaandentertainmentlawasacareerabhyudayagarwal-1693670255.jpg""}]"
"148","89","Promotional Video Name",NULL,"A","2023-09-05 23:47:42","2023-09-05 23:50:55","[{""header_text"":""Details of SEBI Grade A exam"",""normal_text"":""<p>Jyoti Singh &amp; Mahima Khurana<span style=\""white-space:pre\""> <\/span><\/p>\r\n"",""youtube_link"":""https:\/\/www.youtube.com\/live\/B9IMIyyd5PM?si=AHmBe-kgF2LYeIo5"",""image_name"":""detailsofsebigradeaexamjyotisinghmahimakhurana-1693937862.jpg""},{""header_text"":""SEBI Law Officer Exam"",""normal_text"":""<p>Rudresh Batra<\/p>\r\n"",""youtube_link"":""https:\/\/www.youtube.com\/live\/zYWUAQTC9l8?si=UK2C0Dz6-vC-O-LA"",""image_name"":""sebilawofficerexamrudreshbatra-1693937926.jpg""},{""header_text"":""Golden Opportunity: SEBI Law Officer Exam"",""normal_text"":""<p>Ramanuj Mukherjee<\/p>\r\n"",""youtube_link"":""https:\/\/youtu.be\/qKrY2BiHSE8?si=fW5AqAcv9U-qI5in"",""image_name"":""goldenopportunitysebilawofficerexam-1693938055.jpg""}]"
"149","246","Promotional Video Name",NULL,"A","2023-09-13 14:29:22",NULL,NULL
"150","225","Promotional Video Name",NULL,"P","2023-09-13 23:55:53","2023-12-07 17:51:42","[{""header_text"":""What are the different practice areas in a corporate law firm"",""normal_text"":""<p>Ramanuj Mukherjee<\/p>\r\n"",""youtube_link"":""https:\/\/www.youtube.com\/watch?v=HaONnIfFwVI"",""image_name"":""maxresdefault-1694629553.jpg""},{""header_text"":""How to start your own corporate law practice?"",""normal_text"":""<p>Komal Shah<\/p>\r\n"",""youtube_link"":""https:\/\/www.youtube.com\/watch?v=FpILXnX6mx0"",""image_name"":""maxresdefault1-1694629553.jpg""},{""header_text"":""Master Corporate Transactions: What Young Lawyer Needs to do daily?"",""normal_text"":""<p>Abhyuday Agarwal<\/p>\r\n"",""youtube_link"":""https:\/\/www.youtube.com\/watch?v=0iv8JITDBpA"",""image_name"":""maxresdefault2-1694629553.jpg""}]"
"151","247","Promotional Video Name",NULL,"A","2023-09-15 15:35:56",NULL,NULL
"152","248","Promotional Video Name",NULL,"A","2023-09-16 09:12:51",NULL,NULL
"153","249","Promotional Video Name",NULL,"A","2023-09-21 19:44:04",NULL,NULL
"154","250","Promotional Video Name",NULL,"P","2023-09-24 11:18:30","2023-12-07 16:55:52","[{""header_text"":""Opportunities in data and privacy management"",""normal_text"":""<p>\ud835\udde0\ud835\uddff. \ud835\uddec\ud835\uddfc\ud835\uddff\ud835\uddee\ud835\uddfa \ud835\udde0. \ud835\udde5\ud835\uddfc\ud835\uddf2\ud835\uddfa\ud835\uddf2\ud835\uddff\ud835\ude00\ud835\uddfa\ud835\uddee | LawSikho<\/p>\r\n"",""youtube_link"":""https:\/\/www.youtube.com\/live\/huHc6niCZyY?si=36M7BtyejJQhvYnU"",""image_name"":""maxresdefault71694360542-1695537464.jpg""},{""header_text"":""What kind of data protection work tech lawyers do? | Tech Law | Data Protection"",""normal_text"":""na"",""youtube_link"":""https:\/\/youtu.be\/XV9oktXA-Lg?si=ARKGHiqnhyej_OH-"",""image_name"":""maxresdefault61694360542-1695537464.jpg""},{""header_text"":""What does it take to become a technology lawyer and work for global tech companies like Netflix?"",""normal_text"":""na"",""youtube_link"":""https:\/\/youtu.be\/I4apea0b4q8?si=vnSV-nMpZgYh4eJe"",""image_name"":""maxresdefault51694360542-1695537464.jpg""}]"
"155","251","Promotional Video Name",NULL,"A","2023-09-24 12:35:49","2023-09-24 12:39:16","[{""header_text"":""How to crack CIPP exam? CIPP Bootcamp "",""normal_text"":"""",""youtube_link"":""https:\/\/youtu.be\/5vM1clBRf1I?si=36XwYVtxJ8QixNfo"",""image_name"":""howtocrackcippexamcippbootcamp1694632781-1695539356.jpg""},{""header_text"":""How to crack CIPP exam I Managers : End The Stagnation | CIPP Bootcamp "",""normal_text"":"""",""youtube_link"":""https:\/\/youtu.be\/dYjS55CoxlA?si=PEMsMgbjwB1dlMfm"",""image_name"":""howtocrackcippexamimanagersendthestagnationcippbootcamp1694632781-1695539356.jpg""},{""header_text"":""Opportunities in data and privacy management "",""normal_text"":""<p>\ud835\udde0\ud835\uddff. \ud835\uddec\ud835\uddfc\ud835\uddff\ud835\uddee\ud835\uddfa \ud835\udde0. \ud835\udde5\ud835\uddfc\ud835\uddf2\ud835\uddfa\ud835\uddf2\ud835\uddff\ud835\ude00\ud835\uddfa\ud835\uddee | LawSikho<\/p>\r\n"",""youtube_link"":""https:\/\/www.youtube.com\/watch?v=huHc6niCZyY"",""image_name"":""maxresdefault71694360542-1695539356.jpg""}]"
"156","252","Promotional Video Name",NULL,"A","2023-10-11 18:58:35",NULL,NULL
"157","253","Promotional Video Name",NULL,"A","2023-10-13 14:20:51",NULL,NULL
"158","254","Promotional Video Name",NULL,"A","2023-11-07 12:52:47",NULL,NULL
"159","255","Promotional Video Name",NULL,"A","2023-11-10 20:49:24",NULL,NULL
"160","256","Promotional Video Name",NULL,"A","2023-12-01 15:02:34",NULL,NULL
"161","257","Promotional Video Name",NULL,"A","2023-12-05 22:04:26",NULL,NULL
"162","258","Promotional Video Name",NULL,"A","2023-12-10 18:16:33",NULL,NULL
"163","259","Promotional Video Name",NULL,"A","2023-12-19 10:37:52",NULL,NULL
"164","260","Promotional Video Name",NULL,"A","2024-01-06 12:34:44",NULL,NULL
"165","261","Promotional Video Name",NULL,"A","2024-01-17 15:14:31",NULL,NULL
"166","262","Promotional Video Name",NULL,"A","2024-01-27 16:17:37",NULL,NULL
"167","263","Promotional Video Name",NULL,"A","2024-01-27 17:40:54",NULL,NULL
"168","264","Promotional Video Name",NULL,"A","2024-02-03 16:58:38",NULL,NULL
"169","265","Promotional Video Name",NULL,"A","2024-02-05 16:12:50",NULL,NULL
"170","266","Promotional Video Name",NULL,"A","2024-02-09 16:58:35",NULL,NULL
"171","267","Promotional Video Name",NULL,"A","2024-02-21 20:29:02",NULL,NULL
"172","268","Promotional Video Name",NULL,"A","2024-03-01 20:01:20",NULL,NULL
"173","269","Promotional Video Name",NULL,"A","2024-03-08 19:38:48",NULL,NULL
"174","270","Promotional Video Name",NULL,"A","2024-03-11 11:44:37",NULL,NULL
"175","271","Promotional Video Name",NULL,"A","2024-03-12 22:22:39",NULL,NULL
"176","272","Promotional Video Name",NULL,"A","2024-03-20 17:20:32",NULL,NULL
"177","273","Promotional Video Name",NULL,"A","2024-03-22 14:20:07",NULL,NULL
"178","274","Promotional Video Name",NULL,"A","2024-03-22 18:34:22",NULL,NULL
"179","275","Promotional Video Name",NULL,"A","2024-03-29 17:25:30",NULL,NULL
"180","276","Promotional Video Name",NULL,"A","2024-03-29 22:36:09",NULL,NULL
"181","277","Promotional Video Name",NULL,"A","2024-04-12 20:26:18",NULL,NULL
"182","278","Promotional Video Name",NULL,"A","2024-04-17 17:42:01",NULL,NULL
"183","279","Promotional Video Name",NULL,"A","2024-04-29 12:08:36",NULL,NULL
"184","280","Promotional Video Name",NULL,"A","2024-04-29 20:26:39",NULL,NULL
"185","281","Promotional Video Name",NULL,"A","2024-05-03 13:01:27",NULL,NULL
"186","282","Promotional Video Name",NULL,"A","2024-05-03 16:00:58",NULL,NULL
"187","283","Promotional Video Name",NULL,"A","2024-05-08 12:33:17",NULL,NULL
"188","284","Promotional Video Name",NULL,"A","2024-05-16 23:42:33",NULL,NULL
"189","285","Promotional Video Name",NULL,"A","2024-05-23 23:08:32",NULL,NULL
"190","286","Promotional Video Name",NULL,"A","2024-06-03 20:02:46",NULL,NULL
"191","287","Promotional Video Name",NULL,"A","2024-06-15 15:34:21",NULL,NULL
"192","288","Promotional Video Name",NULL,"A","2024-06-17 12:21:14",NULL,NULL
"193","289","Promotional Video Name",NULL,"A","2024-06-21 16:46:41",NULL,NULL
"194","290","Promotional Video Name",NULL,"A","2024-06-23 13:16:17",NULL,NULL
"195","291","Promotional Video Name",NULL,"A","2024-06-26 16:10:37",NULL,NULL
"196","292","Promotional Video Name",NULL,"A","2024-07-09 12:49:24",NULL,NULL
"197","293","Promotional Video Name",NULL,"A","2024-07-09 13:17:14",NULL,NULL
"198","294","Promotional Video Name",NULL,"A","2024-08-01 22:33:38",NULL,NULL
"199","295","Promotional Video Name",NULL,"A","2024-08-10 14:02:58",NULL,NULL
"200","296","Promotional Video Name",NULL,"A","2024-08-10 14:47:32",NULL,NULL
"201","297","Promotional Video Name",NULL,"A","2024-08-10 15:58:19",NULL,NULL
"202","298","Promotional Video Name",NULL,"A","2024-08-10 20:13:12",NULL,NULL
"203","299","Promotional Video Name",NULL,"A","2024-08-23 12:58:51",NULL,NULL
"204","300","Promotional Video Name",NULL,"A","2024-08-23 14:39:47",NULL,NULL
"205","301","Promotional Video Name",NULL,"A","2024-08-23 20:27:50",NULL,NULL
"206","302","Promotional Video Name",NULL,"A","2024-08-25 14:20:05",NULL,NULL
"207","303","Promotional Video Name",NULL,"A","2024-09-14 00:30:48",NULL,NULL
"208","304","Promotional Video Name",NULL,"A","2024-09-29 14:57:50",NULL,NULL
"209","305","Promotional Video Name",NULL,"A","2024-10-10 19:47:37",NULL,NULL
"210","306","Promotional Video Name",NULL,"A","2024-10-11 16:42:56",NULL,NULL
"211","307","Promotional Video Name",NULL,"A","2024-10-20 15:17:38",NULL,NULL
"212","308","Promotional Video Name",NULL,"A","2024-11-05 09:23:41",NULL,NULL
"213","309","Promotional Video Name",NULL,"A","2024-11-12 12:16:52",NULL,NULL
"214","310","Promotional Video Name",NULL,"A","2024-11-13 21:35:51",NULL,NULL
"215","311","Promotional Video Name",NULL,"A","2024-11-13 22:24:18",NULL,NULL
"216","312","Promotional Video Name",NULL,"A","2024-12-12 11:12:00",NULL,NULL
"217","313","Promotional Video Name",NULL,"A","2024-12-19 17:31:12",NULL,NULL
"218","314","Promotional Video Name",NULL,"A","2025-01-03 22:41:33",NULL,NULL
"219","315","Promotional Video Name",NULL,"A","2025-01-03 22:44:35",NULL,NULL
"220","316","Promotional Video Name",NULL,"A","2025-01-18 14:33:09",NULL,NULL
"221","317","Promotional Video Name",NULL,"A","2025-01-21 11:07:08",NULL,NULL
"222","318","Promotional Video Name",NULL,"A","2025-01-27 12:18:42",NULL,NULL
"223","319","Promotional Video Name",NULL,"A","2025-01-29 12:44:15",NULL,NULL
"224","321","Promotional Video Name",NULL,"A","2025-01-31 23:36:11",NULL,NULL
"225","322","Promotional Video Name",NULL,"A","2025-02-10 16:21:24",NULL,NULL
"226","324","Promotional Video Name",NULL,"A","2025-02-14 15:07:21",NULL,NULL
"227","325","Promotional Video Name",NULL,"A","2025-02-14 16:07:34",NULL,NULL
"228","326","Promotional Video Name",NULL,"A","2025-02-18 20:41:35",NULL,NULL
"229","327","Promotional Video Name",NULL,"A","2025-02-19 11:19:46",NULL,NULL
"230","328","Promotional Video Name",NULL,"A","2025-02-21 14:49:32",NULL,NULL
"231","329","Promotional Video Name",NULL,"A","2025-02-24 16:16:21",NULL,NULL
"232","330","Promotional Video Name",NULL,"A","2025-03-03 11:30:50",NULL,NULL
"233","332","Promotional Video Name",NULL,"A","2025-03-05 10:43:49",NULL,NULL
"234","333","Promotional Video Name",NULL,"A","2025-03-05 11:29:39",NULL,NULL
"235","334","Promotional Video Name",NULL,"A","2025-03-18 18:49:06",NULL,NULL
"236","335","Promotional Video Name",NULL,"A","2025-03-18 18:54:13",NULL,NULL
"237","336","Promotional Video Name",NULL,"A","2025-04-21 16:45:31",NULL,NULL
"238","337","Promotional Video Name",NULL,"A","2025-04-30 19:23:38",NULL,NULL
"239","338","Promotional Video Name",NULL,"A","2025-04-30 22:39:59",NULL,NULL
"240","339","Promotional Video Name",NULL,"A","2025-05-12 13:27:47",NULL,NULL
"241","340","Promotional Video Name",NULL,"A","2025-05-15 14:51:34",NULL,NULL
"242","341","Promotional Video Name",NULL,"A","2025-06-19 11:09:46",NULL,NULL
"243","342","Promotional Video Name",NULL,"A","2025-06-20 14:02:49",NULL,NULL
"244","343","Promotional Video Name",NULL,"A","2025-06-26 19:09:31",NULL,NULL
"245","344","Promotional Video Name",NULL,"A","2025-06-30 20:56:56",NULL,NULL
"246","345","Promotional Video Name",NULL,"A","2025-07-07 23:10:45",NULL,NULL
"247","346","Promotional Video Name",NULL,"A","2025-07-14 15:56:43",NULL,NULL
"248","347","Promotional Video Name",NULL,"A","2025-07-23 10:42:23",NULL,NULL
"249","348","Promotional Video Name",NULL,"A","2025-07-27 12:08:01",NULL,NULL
"250","349","Promotional Video Name",NULL,"A","2025-07-29 14:42:17",NULL,NULL
"251","350","Promotional Video Name",NULL,"A","2025-07-31 23:31:24",NULL,NULL
"252","351","Promotional Video Name",NULL,"A","2025-08-20 15:53:51",NULL,NULL
"253","352","Promotional Video Name",NULL,"A","2025-08-31 13:13:56",NULL,NULL
"254","353","Promotional Video Name",NULL,"A","2025-09-05 20:19:53",NULL,NULL
"255","354","Promotional Video Name",NULL,"A","2025-09-06 08:36:48",NULL,NULL
"256","355","Promotional Video Name",NULL,"A","2025-09-12 18:41:18",NULL,NULL
"257","356","Promotional Video Name",NULL,"A","2025-09-15 18:36:46",NULL,NULL
"258","357","Promotional Video Name",NULL,"A","2025-09-17 20:54:10",NULL,NULL
"259","358","Promotional Video Name",NULL,"A","2025-09-22 17:09:26",NULL,NULL
"260","359","Promotional Video Name",NULL,"A","2025-10-05 13:35:52",NULL,NULL
"261","360","Promotional Video Name",NULL,"A","2025-10-10 12:45:53",NULL,NULL
"262","361","Promotional Video Name",NULL,"A","2025-10-17 10:07:47",NULL,NULL
"263","362","Promotional Video Name",NULL,"A","2025-10-23 22:34:38",NULL,NULL
"264","363","Promotional Video Name",NULL,"A","2025-11-02 11:58:36",NULL,NULL
"265","365","Promotional Video Name",NULL,"A","2025-11-02 19:18:10",NULL,NULL
"266","366","Promotional Video Name",NULL,"A","2025-11-02 20:44:35",NULL,NULL
"267","367","Promotional Video Name",NULL,"A","2025-11-05 15:53:29",NULL,NULL
"268","368","Promotional Video Name",NULL,"A","2025-11-09 16:41:06",NULL,NULL
"269","369","Promotional Video Name",NULL,"A","2025-11-19 21:51:47",NULL,NULL
"270","370","Promotional Video Name",NULL,"A","2025-12-04 14:32:29",NULL,NULL
"271","371","Promotional Video Name",NULL,"A","2025-12-09 16:14:27",NULL,NULL
"272","372","Promotional Video Name",NULL,"A","2025-12-10 18:08:49",NULL,NULL
"273","373","Promotional Video Name",NULL,"A","2025-12-12 14:26:12",NULL,NULL
"274","374","Promotional Video Name",NULL,"A","2025-12-12 16:32:05",NULL,NULL
"275","375","Promotional Video Name",NULL,"A","2026-01-16 13:30:19",NULL,NULL
"276","376","Promotional Video Name",NULL,"A","2026-01-23 09:58:58",NULL,NULL
"277","377","Promotional Video Name",NULL,"A","2026-01-23 10:36:29",NULL,NULL
"278","378","Promotional Video Name",NULL,"A","2026-02-06 07:26:28",NULL,NULL
"279","379","Promotional Video Name",NULL,"A","2026-02-19 14:45:25",NULL,NULL
"280","381","Promotional Video Name",NULL,"A","2026-02-23 13:40:24",NULL,NULL
"281","382","Promotional Video Name",NULL,"A","2026-04-09 10:02:21",NULL,NULL
"282","383","Promotional Video Name",NULL,"A","2026-04-09 10:51:43",NULL,NULL
"283","384","Promotional Video Name",NULL,"A","2026-05-06 15:08:43",NULL,NULL
"284","385","Promotional Video Name",NULL,"A","2026-05-06 18:34:46",NULL,NULL
"285","386","Promotional Video Name",NULL,"A","2026-05-14 18:39:08",NULL,NULL
"286","387","Promotional Video Name",NULL,"A","2026-05-26 01:04:41",NULL,NULL
"287","388","Promotional Video Name",NULL,"A","2026-06-04 16:49:15",NULL,NULL
"288","389","Promotional Video Name",NULL,"A","2026-06-09 15:57:17",NULL,NULL
"289","391","Promotional Video Name",NULL,"A","2026-06-13 11:24:15",NULL,NULL
"290","392","Promotional Video Name",NULL,"A","2026-06-17 11:03:07",NULL,NULL
"291","393","Promotional Video Name",NULL,"A","2026-06-20 14:55:49",NULL,NULL
"292","394","Promotional Video Name",NULL,"A","2026-06-23 23:33:50",NULL,NULL
"293","395","Promotional Video Name",NULL,"A","2026-06-25 19:22:12",NULL,NULL
